gpr_monthly_id,month_start,gpr_recent_index,gpr_recent_threat_index,gpr_recent_act_index,gpr_historical_index,gpr_historical_threat_index,gpr_historical_act_index,share_gpr,article_count_n10,share_gprh,article_count_n3h
1,1900-01-01,,,,87.927848815918,64.7174911499023,110.453521728516,,,3.17193174362183,7724
2,1900-02-01,,,,86.5664901733398,71.9368438720703,96.25048828125,,,3.12282180786133,7173
3,1900-03-01,,,,72.1407012939453,57.4758529663086,84.4994277954102,,,2.60242199897766,7762
4,1900-04-01,,,,54.4194488525391,37.326602935791,65.8582077026367,,,1.96314108371735,7488
5,1900-05-01,,,,64.4051971435547,48.200008392334,74.3739547729492,,,2.32336950302124,7360
6,1900-06-01,,,,83.6102523803711,70.0065765380859,93.9776916503906,,,3.01617765426636,7294
7,1900-07-01,,,,108.57112121582,87.0623779296875,125.709083557129,,,3.91662240028381,7532
8,1900-08-01,,,,108.502815246582,63.8416442871094,149.760986328125,,,3.9141583442688,7409
9,1900-09-01,,,,62.8133010864258,54.698413848877,67.5817794799805,,,2.26594305038452,7370
10,1900-10-01,,,,43.3669319152832,31.7176265716553,51.4328498840332,,,1.56442975997925,7287
11,1900-11-01,,,,47.3435592651367,38.1884956359863,50.5341873168945,,,1.70788359642029,7319
12,1900-12-01,,,,49.3197479248047,49.9250679016113,42.579345703125,,,1.77917325496674,7644
13,1901-01-01,,,,42.4790267944336,40.7912445068359,41.7432632446289,,,1.53239929676056,6852
14,1901-02-01,,,,50.1439399719238,39.0578956604004,55.6581268310547,,,1.80890536308289,6468
15,1901-03-01,,,,47.9375801086426,53.7733573913574,45.106990814209,,,1.72931253910065,6997
16,1901-04-01,,,,37.9457740783691,33.6575431823731,38.0613822937012,,,1.36886560916901,6867
17,1901-05-01,,,,37.3796615600586,29.3001270294189,41.7380981445313,,,1.34844350814819,6971
18,1901-06-01,,,,31.6567115783691,19.228235244751,38.675479888916,,,1.14199233055115,7268
19,1901-07-01,,,,37.2577819824219,24.3427276611328,45.3881874084473,,,1.34404671192169,6845
20,1901-08-01,,,,58.1580123901367,46.7183876037598,67.2505722045898,,,2.09800696372986,6673
21,1901-09-01,,,,41.0899810791016,35.2241096496582,48.4759140014648,,,1.48229050636292,6409
22,1901-10-01,,,,36.3206672668457,25.9037647247314,43.818717956543,,,1.31024098396301,6640
23,1901-11-01,,,,45.115608215332,41.0772247314453,48.1560897827148,,,1.62751197814941,7066
24,1901-12-01,,,,51.4354667663574,56.6667594909668,45.0583457946777,,,1.8554961681366,7114
25,1902-01-01,,,,36.9608001708984,26.9638519287109,46.2222900390625,,,1.33333337306976,7575
26,1902-02-01,,,,45.6910552978516,31.6410980224609,55.1569023132324,,,1.64827084541321,6795
27,1902-03-01,,,,38.8589553833008,29.5756988525391,45.2249946594238,,,1.40180790424347,7633
28,1902-04-01,,,,43.8005218505859,39.7867050170898,46.3311767578125,,,1.58007121086121,7025
29,1902-05-01,,,,38.2560043334961,29.089599609375,44.0368728637695,,,1.38005685806274,7391
30,1902-06-01,,,,38.8264236450195,30.5399494171143,42.3553199768066,,,1.40063428878784,7568
31,1902-07-01,,,,40.5737991333008,32.3120002746582,45.1126976013184,,,1.46366965770721,7652
32,1902-08-01,,,,55.6609115600586,41.8925819396973,63.8419227600098,,,2.00792598724365,7570
33,1902-09-01,,,,51.4282379150391,37.7725296020508,63.0728149414063,,,1.85523545742035,7115
34,1902-10-01,,,,52.1516342163086,45.9646148681641,56.4448394775391,,,1.88133144378662,7601
35,1902-11-01,,,,26.343225479126,23.3506641387939,28.1185741424561,,,0.950312256813049,7366
36,1902-12-01,,,,53.2072486877441,70.2427139282227,37.593505859375,,,1.9194118976593,7346
37,1903-01-01,,,,52.4105033874512,75.1134643554688,29.0523223876953,,,1.89066994190216,7299
38,1903-02-01,,,,55.7362747192383,74.6973571777344,39.370044708252,,,2.01064467430115,6764
39,1903-03-01,,,,31.1349506378174,38.6644058227539,20.5373878479004,,,1.1231701374054,7924
40,1903-04-01,,,,33.4847602844238,27.0529327392578,38.294361114502,,,1.20793783664703,6954
41,1903-05-01,,,,40.7546920776367,39.5117225646973,37.5692825317383,,,1.47019517421722,7482
42,1903-06-01,,,,33.4585494995117,32.8109550476074,32.1557655334473,,,1.20699226856232,7208
43,1903-07-01,,,,35.464282989502,33.2491760253906,36.745044708252,,,1.27934765815735,7113
44,1903-08-01,,,,63.4992980957031,58.3225059509277,67.3823394775391,,,2.29068994522095,7465
45,1903-09-01,,,,65.8399124145508,76.5982513427734,62.4685096740723,,,2.37512588500977,6947
46,1903-10-01,,,,49.2012329101563,62.8437194824219,37.5121841430664,,,1.774897813797,7099
47,1903-11-01,,,,67.4540863037109,71.2751922607422,62.6966552734375,,,2.43335604667664,7315
48,1903-12-01,,,,65.4568862915039,69.5772171020508,61.0294799804688,,,2.36130857467651,7030
49,1904-01-01,,,,91.9772796630859,109.631484985352,82.1674346923828,,,3.31801199913025,6962
50,1904-02-01,,,,140.368377685547,137.757080078125,149.368621826172,,,5.06368446350098,6438
51,1904-03-01,,,,93.3381271362305,77.6784896850586,111.677940368652,,,3.36710357666016,6712
52,1904-04-01,,,,59.1585388183594,51.2527580261231,66.429573059082,,,2.13410019874573,6607
53,1904-05-01,,,,84.3866348266602,57.1896324157715,109.31275177002,,,3.044184923172,6767
54,1904-06-01,,,,66.1334915161133,52.1205139160156,75.1446533203125,,,2.38571643829346,6497
55,1904-07-01,,,,72.7748413085938,61.8773727416992,79.6178817749023,,,2.62529826164246,7123
56,1904-08-01,,,,84.4542007446289,63.6832427978516,105.473655700684,,,3.04662251472473,6499
57,1904-09-01,,,,70.8174362182617,56.6425132751465,81.1018142700195,,,2.5546863079071,6263
58,1904-10-01,,,,61.0293235778809,57.9604988098145,57.6088180541992,,,2.20158743858337,6677
59,1904-11-01,,,,49.9092063903809,47.0303916931152,50.6174011230469,,,1.80043745040894,5943
60,1904-12-01,,,,45.9602546691895,41.5879554748535,46.7215766906738,,,1.65798199176788,6333
61,1905-01-01,,,,64.6216430664063,59.8213768005371,69.718376159668,,,2.33117771148682,6649
62,1905-02-01,,,,59.1569976806641,50.1836853027344,65.7747573852539,,,2.1340446472168,5998
63,1905-03-01,,,,67.7549209594727,67.7284927368164,71.1232681274414,,,2.44420838356018,6587
64,1905-04-01,,,,41.5050735473633,40.2392196655273,41.178352355957,,,1.49726462364197,6946
65,1905-05-01,,,,54.1502571105957,54.598690032959,51.6343154907227,,,1.95343017578125,6399
66,1905-06-01,,,,69.7536087036133,69.2959899902344,70.4713516235352,,,2.5163094997406,6438
67,1905-07-01,,,,60.9828605651856,61.9005508422852,59.7047004699707,,,2.19991135597229,6773
68,1905-08-01,,,,53.2269592285156,50.3651123046875,54.5415229797363,,,1.92012286186218,6510
69,1905-09-01,,,,49.3908233642578,59.8555793762207,40.0102729797363,,,1.78173720836639,6286
70,1905-10-01,,,,41.1168670654297,39.4832077026367,41.1013259887695,,,1.4832603931427,7079
71,1905-11-01,,,,41.3156089782715,42.1637191772461,42.5526275634766,,,1.49042987823486,6374
72,1905-12-01,,,,45.711238861084,45.1084747314453,43.5641555786133,,,1.64899885654449,6792
73,1906-01-01,,,,36.6405334472656,39.4700508117676,31.8672885894775,,,1.32177996635437,6809
74,1906-02-01,,,,38.8485527038574,48.5443496704102,31.4839572906494,,,1.40143263339996,6422
75,1906-03-01,,,,33.2143249511719,31.8311996459961,32.6002235412598,,,1.19818210601807,7261
76,1906-04-01,,,,31.3014888763428,29.9422092437744,31.18359375,,,1.12917792797089,6642
77,1906-05-01,,,,40.3677215576172,46.630786895752,34.3789024353027,,,1.45623552799225,6455
78,1906-06-01,,,,42.0900535583496,33.3471336364746,47.5030670166016,,,1.51836729049683,6125
79,1906-07-01,,,,48.3692779541016,44.4685173034668,52.6675491333008,,,1.74488568305969,6648
80,1906-08-01,,,,50.4254302978516,41.5327568054199,55.5702438354492,,,1.8190598487854,6212
81,1906-09-01,,,,67.0023956298828,60.2886581420898,69.3365173339844,,,2.41706156730652,6330
82,1906-10-01,,,,39.7903327941895,32.7318115234375,45.0459823608398,,,1.43540668487549,6897
83,1906-11-01,,,,31.1099472045898,26.1925621032715,32.7696113586426,,,1.12226819992065,6772
84,1906-12-01,,,,29.637134552002,22.9865894317627,33.0404472351074,,,1.06913757324219,7015
85,1907-01-01,,,,31.9049110412598,27.7320041656494,32.6198081970215,,,1.15094590187073,7559
86,1907-02-01,,,,43.5005073547363,34.0485687255859,53.2478713989258,,,1.56924843788147,6946
87,1907-03-01,,,,34.8958511352539,25.1320247650147,43.7511367797852,,,1.25884187221527,8341
88,1907-04-01,,,,29.9740734100342,26.6090660095215,31.4801540374756,,,1.08129239082336,7676
89,1907-05-01,,,,31.9701099395752,32.7363548278809,33.8690605163574,,,1.15329790115356,7717
90,1907-06-01,,,,47.5470008850098,42.7074012756348,52.8659744262695,,,1.71522259712219,7929
91,1907-07-01,,,,49.2553100585938,44.241828918457,56.6982917785645,,,1.7768486738205,7654
92,1907-08-01,,,,40.465461730957,27.9736309051514,48.200382232666,,,1.45976138114929,7878
93,1907-09-01,,,,26.4074611663818,18.9385147094727,32.8206443786621,,,0.952629506587982,7663
94,1907-10-01,,,,25.9823436737061,24.1255512237549,26.0407276153564,,,0.937293708324432,7575
95,1907-11-01,,,,22.8875198364258,17.0119323730469,25.7871990203857,,,0.825650215148926,7267
96,1907-12-01,,,,28.174919128418,25.2669486999512,28.8206424713135,,,1.01638925075531,7871
97,1908-01-01,,,,42.2436866760254,47.3104438781738,36.9276657104492,,,1.52390956878662,7612
98,1908-02-01,,,,25.9475193023682,28.2053833007813,24.4789657592773,,,0.936037421226502,7051
99,1908-03-01,,,,30.9530868530273,32.7371520996094,26.9068508148193,,,1.11660957336426,7881
100,1908-04-01,,,,26.9426765441895,33.1110763549805,22.2776546478272,,,0.971937000751495,7305
101,1908-05-01,,,,24.8320484161377,20.5343036651611,25.98583984375,,,0.895797669887543,7591
102,1908-06-01,,,,36.411979675293,29.929500579834,40.1332626342773,,,1.31353509426117,7004
103,1908-07-01,,,,36.0104217529297,32.3927154541016,37.6447525024414,,,1.29904913902283,7467
104,1908-08-01,,,,28.4688205718994,29.0159683227539,25.3228511810303,,,1.02699148654938,7595
105,1908-09-01,,,,21.8121776580811,14.8399534225464,25.1883087158203,,,0.786858081817627,7244
106,1908-10-01,,,,44.5191650390625,56.1098022460938,33.6596069335938,,,1.6059957742691,7472
107,1908-11-01,,,,36.155632019043,41.765193939209,30.7917041778564,,,1.30428755283356,7207
108,1908-12-01,,,,39.6575126647949,36.1411247253418,43.7411575317383,,,1.43061518669128,6990
109,1909-01-01,,,,25.6486682891846,20.2039623260498,30.6567707061768,,,0.925256609916687,6917
110,1909-02-01,,,,38.0279388427734,46.2995185852051,32.2523460388184,,,1.3718296289444,6269
111,1909-03-01,,,,38.1122741699219,37.7360687255859,36.0645217895508,,,1.37487196922302,6837
112,1909-04-01,,,,34.0608406066895,34.2155952453613,32.8520812988281,,,1.22871947288513,6755
113,1909-05-01,,,,28.9908561706543,29.5859699249268,27.1444206237793,,,1.04582357406616,7267
114,1909-06-01,,,,25.5358638763428,21.220329284668,27.4010200500488,,,0.921187281608582,6839
115,1909-07-01,,,,32.8956451416016,31.8923683166504,32.8288383483887,,,1.18668591976166,6910
116,1909-08-01,,,,34.8946342468262,34.1941604614258,37.3797950744629,,,1.25879800319672,7388
117,1909-09-01,,,,24.7365131378174,19.7947311401367,26.5432834625244,,,0.892351269721985,7060
118,1909-10-01,,,,27.1274147033691,26.650728225708,25.7383232116699,,,0.978601276874542,7664
119,1909-11-01,,,,29.1009273529053,25.1632900238037,29.383092880249,,,1.04979431629181,7049
120,1909-12-01,,,,31.947172164917,27.0567188262939,35.9293212890625,,,1.15247046947479,7549
121,1910-01-01,,,,28.4022521972656,28.5078792572022,26.7497367858887,,,1.02459013462067,8296
122,1910-02-01,,,,31.3846645355225,30.7940654754639,30.2708797454834,,,1.13217842578888,7331
123,1910-03-01,,,,33.8224449157715,36.1369132995606,29.4708938598633,,,1.22011947631836,8032
124,1910-04-01,,,,25.5454769134522,24.7663707733154,26.0641059875488,,,0.921534061431885,7379
125,1910-05-01,,,,31.4044456481934,21.8942203521729,37.6639213562012,,,1.13289201259613,7856
126,1910-06-01,,,,29.732105255127,29.1811790466309,29.3850402832031,,,1.07256352901459,7552
127,1910-07-01,,,,34.1925010681152,30.7574272155762,35.1172332763672,,,1.23346900939941,7864
128,1910-08-01,,,,32.8275146484375,20.2531108856201,44.4634628295898,,,1.18422818183899,7431
129,1910-09-01,,,,25.6061515808105,15.7978515625,31.749095916748,,,0.923722863197327,7145
130,1910-10-01,,,,28.7931461334229,31.4043617248535,24.3307685852051,,,1.03869128227234,7702
131,1910-11-01,,,,32.5776290893555,23.6880378723145,38.8563423156738,,,1.17521369457245,7488
132,1910-12-01,,,,36.335823059082,31.7048625946045,41.370246887207,,,1.31078779697418,7629
133,1911-01-01,,,,45.0684242248535,49.1556282043457,40.7144775390625,,,1.62580978870392,7873
134,1911-02-01,,,,31.0305233001709,30.0841293334961,29.7246589660645,,,1.1194030046463,6968
135,1911-03-01,,,,78.6270370483398,116.29354095459,46.1918029785156,,,2.83641171455383,7580
136,1911-04-01,,,,53.0175399780273,51.0509071350098,55.8206176757813,,,1.91256833076477,7686
137,1911-05-01,,,,53.1146278381348,42.7913703918457,61.2190780639648,,,1.91607069969177,7411
138,1911-06-01,,,,26.9543266296387,28.3721618652344,23.2906970977783,,,0.972357273101807,7199
139,1911-07-01,,,,42.9166831970215,42.9947013854981,40.7190818786621,,,1.54818737506866,7751
140,1911-08-01,,,,47.5488395690918,47.1876029968262,45.9577140808106,,,1.71528899669647,7404
141,1911-09-01,,,,72.411735534668,77.6716995239258,72.6323547363281,,,2.61219954490662,7197
142,1911-10-01,,,,73.6008682250977,72.4003677368164,83.0320129394531,,,2.65509653091431,7721
143,1911-11-01,,,,59.9198188781738,64.0505294799805,53.2983322143555,,,2.1615629196167,7217
144,1911-12-01,,,,48.1420211791992,55.5966682434082,40.9328422546387,,,1.736687541008,7831
145,1912-01-01,,,,43.3074493408203,47.5600700378418,40.2262268066406,,,1.56228399276733,7233
146,1912-02-01,,,,48.6808433532715,56.3308753967285,41.9045104980469,,,1.7561252117157,7061
147,1912-03-01,,,,43.9844589233398,40.2925872802734,48.057731628418,,,1.58670663833618,8004
148,1912-04-01,,,,34.2910881042481,34.3916397094727,34.3582649230957,,,1.23702549934387,7033
149,1912-05-01,,,,54.0490264892578,37.3155784606934,66.2870178222656,,,1.94977843761444,6770
150,1912-06-01,,,,39.043098449707,36.0148391723633,39.1118316650391,,,1.4084507226944,7313
151,1912-07-01,,,,33.7453842163086,29.5243701934814,37.3373794555664,,,1.21733963489532,6736
152,1912-08-01,,,,53.7811813354492,44.3403129577637,65.5418930053711,,,1.94011604785919,6546
153,1912-09-01,,,,51.3273506164551,40.8493461608887,64.735237121582,,,1.85159599781036,7237
154,1912-10-01,,,,103.237457275391,103.437538146973,120.845748901367,,,3.72421431541443,7223
155,1912-11-01,,,,91.9768905639648,101.161186218262,84.5629272460938,,,3.31799793243408,7173
156,1912-12-01,,,,47.7298469543457,55.6735763549805,41.1286888122559,,,1.72181868553162,7434
157,1913-01-01,,,,44.9502639770508,46.5338668823242,44.7267456054688,,,1.62154734134674,7277
158,1913-02-01,,,,64.2282562255859,59.5952262878418,70.0989685058594,,,2.31698656082153,7035
159,1913-03-01,,,,46.3957443237305,42.6483993530273,45.2427749633789,,,1.67369198799133,8066
160,1913-04-01,,,,49.0862197875977,57.3976020812988,41.9954223632813,,,1.77074885368347,7398
161,1913-05-01,,,,45.7886581420898,41.5281486511231,49.2686424255371,,,1.65179169178009,7507
162,1913-06-01,,,,26.7289180755615,27.7915267944336,26.1871967315674,,,0.964225828647614,7156
163,1913-07-01,,,,71.596809387207,56.3471832275391,86.1619873046875,,,2.58280158042908,6582
164,1913-08-01,,,,68.4757614135742,71.0735015869141,65.9248123168945,,,2.47021222114563,6882
165,1913-09-01,,,,41.1931991577148,44.635311126709,35.2042045593262,,,1.48601400852203,6864
166,1913-10-01,,,,27.0595741271973,28.4829444885254,24.7570285797119,,,0.97615396976471,7171
167,1913-11-01,,,,60.4115905761719,65.2326583862305,55.9881553649902,,,2.17930316925049,7663
168,1913-12-01,,,,44.6457176208496,34.0596008300781,53.383487701416,,,1.61056101322174,7575
169,1914-01-01,,,,52.9692993164063,37.0888557434082,62.8211822509766,,,1.91082799434662,7536
170,1914-02-01,,,,67.7383041381836,82.3819122314453,56.3310508728027,,,2.44360899925232,6916
171,1914-03-01,,,,60.3007316589356,57.0860633850098,61.2094535827637,,,2.17530393600464,7815
172,1914-04-01,,,,145.244842529297,156.382553100586,151.267868041992,,,5.23959970474243,7596
173,1914-05-01,,,,101.260841369629,104.028419494629,93.5473556518555,,,3.65290951728821,7802
174,1914-06-01,,,,71.5959930419922,80.4888610839844,59.6192779541016,,,2.58277225494385,7279
175,1914-07-01,,,,135.993591308594,178.010513305664,114.527572631836,,,4.90586757659912,7277
176,1914-08-01,,,,472.301422119141,432.596618652344,571.4794921875,,,17.0379219055176,7542
177,1914-09-01,,,,384.952941894531,207.297225952148,560.635437011719,,,13.886890411377,6949
178,1914-10-01,,,,315.948120117188,149.957901000977,466.868621826172,,,11.39759349823,7563
179,1914-11-01,,,,302.943450927734,132.891357421875,458.514465332031,,,10.9284591674805,7604
180,1914-12-01,,,,280.039947509766,115.685363769531,423.890869140625,,,10.1022329330444,7434
181,1915-01-01,,,,229.477600097656,120.83512878418,316.938751220703,,,8.27823352813721,7562
182,1915-02-01,,,,303.468475341797,201.157791137695,411.257995605469,,,10.9473991394043,6787
183,1915-03-01,,,,254.259704589844,134.914001464844,355.539367675781,,,9.1722297668457,7490
184,1915-04-01,,,,227.860824584961,126.235054016113,316.524353027344,,,8.21990966796875,7494
185,1915-05-01,,,,301.580841064453,161.670593261719,436.150054931641,,,10.8793039321899,7813
186,1915-06-01,,,,316.185699462891,146.430404663086,461.391632080078,,,11.4061641693115,7268
187,1915-07-01,,,,291.396392822266,133.161865234375,422.542510986328,,,10.5119075775146,7306
188,1915-08-01,,,,313.170837402344,170.942428588867,441.63330078125,,,11.2974052429199,7515
189,1915-09-01,,,,268.738372802734,153.396133422852,367.755706787109,,,9.69453620910645,6973
190,1915-10-01,,,,274.595764160156,130.242431640625,396.869720458984,,,9.90583801269531,7965
191,1915-11-01,,,,240.105575561523,133.433044433594,336.659484863281,,,8.66162967681885,7412
192,1915-12-01,,,,214.31233215332,103.017951965332,313.564880371094,,,7.7311577796936,7722
193,1916-01-01,,,,216.868865966797,135.712844848633,288.895385742188,,,7.82338285446167,8040
194,1916-02-01,,,,206.706329345703,122.014694213867,277.260528564453,,,7.45677709579468,7577
195,1916-03-01,,,,245.46484375,147.710784912109,325.627105712891,,,8.85496139526367,7860
196,1916-04-01,,,,232.922760009766,140.629745483398,314.497039794922,,,8.40251541137695,7950
197,1916-05-01,,,,229.476409912109,129.92985534668,311.005126953125,,,8.27819061279297,7405
198,1916-06-01,,,,318.33349609375,283.817993164063,356.120269775391,,,11.4836435317993,7367
199,1916-07-01,,,,312.475921630859,205.093215942383,390.912658691406,,,11.2723360061646,7443
200,1916-08-01,,,,307.639099121094,142.714141845703,442.095611572266,,,11.0978517532349,6704
201,1916-09-01,,,,294.162048339844,117.89533996582,437.235015869141,,,10.6116771697998,6474
202,1916-10-01,,,,268.887878417969,104.274848937988,399.197265625,,,9.69993019104004,7165
203,1916-11-01,,,,241.314086914063,97.0535583496094,358.349090576172,,,8.70522594451904,6812
204,1916-12-01,,,,249.390838623047,190.983200073242,303.485382080078,,,8.99658870697022,7036
205,1917-01-01,,,,210.630889892578,133.593307495117,280.156951904297,,,7.59835243225098,7041
206,1917-02-01,,,,350.206878662109,314.021697998047,406.567810058594,,,12.6334524154663,6744
207,1917-03-01,,,,331.686431884766,253.560134887695,407.620544433594,,,11.9653415679932,7271
208,1917-04-01,,,,338.605377197266,235.962036132813,434.384826660156,,,12.214937210083,7016
209,1917-05-01,,,,296.019134521484,170.482284545898,396.839294433594,,,10.6786699295044,7220
210,1917-06-01,,,,266.418518066406,141.031188964844,371.458923339844,,,9.61084938049316,6784
211,1917-07-01,,,,305.015106201172,201.670944213867,389.740386962891,,,11.0031929016113,7516
212,1917-08-01,,,,323.641510009766,170.527633666992,449.199798583984,,,11.6751270294189,7092
213,1917-09-01,,,,287.942169189453,141.235244750977,410.336578369141,,,10.3872995376587,7307
214,1917-10-01,,,,262.832366943359,126.684234619141,381.897766113281,,,9.48148155212402,7425
215,1917-11-01,,,,297.853057861328,140.121505737305,423.085479736328,,,10.7448272705078,7250
216,1917-12-01,,,,292.800811767578,147.420806884766,408.281585693359,,,10.5625715255737,7839
217,1918-01-01,,,,278.305572509766,175.712265014648,359.522583007813,,,10.0396661758423,7311
218,1918-02-01,,,,292.113861083984,185.938583374023,384.195343017578,,,10.5377902984619,6880
219,1918-03-01,,,,331.931762695313,148.73210144043,485.864410400391,,,11.9741907119751,8059
220,1918-04-01,,,,349.800170898438,127.690795898438,527.878723144531,,,12.6187810897827,7156
221,1918-05-01,,,,290.069305419922,127.925888061523,413.086242675781,,,10.4640340805054,7521
222,1918-06-01,,,,366.066955566406,135.697967529297,550.990661621094,,,13.2055931091309,7724
223,1918-07-01,,,,408.345458984375,135.625961303711,628.42431640625,,,14.7307586669922,7094
224,1918-08-01,,,,393.531127929688,120.709716796875,609.115478515625,,,14.1963424682617,6234
225,1918-09-01,,,,409.227020263672,162.767639160156,606.675109863281,,,14.7625598907471,5812
226,1918-10-01,,,,393.584991455078,159.775360107422,582.048828125,,,14.1982860565186,5719
227,1918-11-01,,,,269.872497558594,157.364227294922,353.98681640625,,,9.73544979095459,5670
228,1918-12-01,,,,196.593780517578,156.562561035156,223.270263671875,,,7.09197425842285,6317
229,1919-01-01,,,,187.201919555664,176.737228393555,191.964920043945,,,6.75317001342773,6782
230,1919-02-01,,,,207.403427124023,213.750839233398,207.73844909668,,,7.48192405700684,6362
231,1919-03-01,,,,190.178909301758,181.012741088867,197.642807006836,,,6.86056232452393,7186
232,1919-04-01,,,,198.126556396484,160.139083862305,226.095153808594,,,7.14726781845093,6478
233,1919-05-01,,,,158.045043945313,153.224868774414,162.150665283203,,,5.70135736465454,6630
234,1919-06-01,,,,169.16194152832,176.618301391602,159.149444580078,,,6.10239124298096,6817
235,1919-07-01,,,,168.723022460938,180.01708984375,159.12809753418,,,6.08655738830566,6539
236,1919-08-01,,,,156.364151000977,162.394897460938,146.791564941406,,,5.64072036743164,6719
237,1919-09-01,,,,142.347839355469,159.662796020508,128.565536499023,,,5.13509225845337,6329
238,1919-10-01,,,,143.550201416016,148.607513427734,141.393600463867,,,5.178466796875,6836
239,1919-11-01,,,,151.648254394531,160.157791137695,142.276153564453,,,5.47059774398804,6343
240,1919-12-01,,,,126.97437286377,137.608749389648,112.562690734863,,,4.58050584793091,6484
241,1920-01-01,,,,110.384666442871,101.959030151367,117.823822021484,,,3.98204469680786,6906
242,1920-02-01,,,,94.4234161376953,91.5436172485352,96.2978286743164,,,3.406254529953,6811
243,1920-03-01,,,,134.007858276367,139.733535766602,131.083129882813,,,4.83423376083374,6847
244,1920-04-01,,,,138.169860839844,111.699867248535,163.354705810547,,,4.984375,6400
245,1920-05-01,,,,95.2935638427734,72.0868988037109,106.428977966309,,,3.43764448165894,6487
246,1920-06-01,,,,82.3554916381836,74.4093627929688,83.6101150512695,,,2.97091293334961,6429
247,1920-07-01,,,,110.298713684082,104.022125244141,114.525375366211,,,3.97894406318665,6459
248,1920-08-01,,,,125.358757019043,134.854431152344,122.1982421875,,,4.52222394943237,6457
249,1920-09-01,,,,82.6521148681641,71.2278442382813,90.6729049682617,,,2.98161339759827,6037
250,1920-10-01,,,,95.932861328125,84.4813842773438,100.975875854492,,,3.46070647239685,6935
251,1920-11-01,,,,76.4114456176758,71.3078994750977,78.5079574584961,,,2.75648593902588,6784
252,1920-12-01,,,,79.4694671630859,85.0410614013672,76.6894149780273,,,2.86680197715759,7395
253,1921-01-01,,,,57.452018737793,57.8984794616699,53.7928848266602,,,2.07253885269165,7334
254,1921-02-01,,,,71.3461761474609,59.047737121582,76.618766784668,,,2.57376027107239,6372
255,1921-03-01,,,,86.9314270019531,81.6345596313477,90.1547088623047,,,3.13598656654358,7111
256,1921-04-01,,,,73.6823501586914,74.0260467529297,69.2754669189453,,,2.65803599357605,7261
257,1921-05-01,,,,85.5620803833008,91.0275726318359,78.8010330200195,,,3.08658838272095,7322
258,1921-06-01,,,,81.8320236206055,76.502815246582,83.1875610351563,,,2.95202946662903,7588
259,1921-07-01,,,,69.0535659790039,64.8108978271484,67.3036499023438,,,2.49105596542358,7547
260,1921-08-01,,,,71.407844543457,58.6073951721191,78.6399230957031,,,2.57598471641541,7337
261,1921-09-01,,,,60.7943687438965,60.1269302368164,64.6011428833008,,,2.19311165809631,6794
262,1921-10-01,,,,73.818229675293,69.2793426513672,73.7560653686523,,,2.6629376411438,8224
263,1921-11-01,,,,73.8854522705078,81.4896545410156,63.9118499755859,,,2.66536259651184,8179
264,1921-12-01,,,,68.3586273193359,71.1708450317383,64.0994262695313,,,2.46598649024963,8232
265,1922-01-01,,,,56.9980621337891,55.5754585266113,53.3068466186523,,,2.0561625957489,8511
266,1922-02-01,,,,56.697940826416,58.8200378417969,48.1839103698731,,,2.0453360080719,7676
267,1922-03-01,,,,61.1556358337402,64.3907165527344,56.15234375,,,2.20614409446716,8431
268,1922-04-01,,,,73.2574005126953,63.1316833496094,81.6697463989258,,,2.64270615577698,8514
269,1922-05-01,,,,58.8830947875977,51.0946502685547,63.6616439819336,,,2.12416386604309,8521
270,1922-06-01,,,,65.4712677001953,57.3525695800781,71.5390167236328,,,2.36182713508606,8341
271,1922-07-01,,,,86.2232513427734,84.6088562011719,82.5947036743164,,,3.11043953895569,7941
272,1922-08-01,,,,62.4181632995606,53.1182708740234,67.8585052490234,,,2.25168871879578,7994
273,1922-09-01,,,,85.5263519287109,94.5489196777344,79.8617401123047,,,3.08529949188232,7163
274,1922-10-01,,,,62.8426704406738,65.5578536987305,59.4939765930176,,,2.26700258255005,7543
275,1922-11-01,,,,56.9272232055664,54.4742469787598,57.2125968933106,,,2.05360722541809,7499
276,1922-12-01,,,,52.6813774108887,52.7222290039063,50.1853103637695,,,1.90044140815735,8156
277,1923-01-01,,,,83.2609252929688,105.706809997559,64.06787109375,,,3.00357580184937,8390
278,1923-02-01,,,,74.3003845214844,92.5146560668945,57.6665573120117,,,2.680330991745,7611
279,1923-03-01,,,,55.0534019470215,53.0386505126953,52.3575210571289,,,1.98601055145264,8006
280,1923-04-01,,,,47.3514404296875,42.0277900695801,48.6442832946777,,,1.70816791057587,8313
281,1923-05-01,,,,70.7502822875977,79.9671173095703,59.4533157348633,,,2.55226373672485,7797
282,1923-06-01,,,,47.4444541931152,51.2643394470215,45.7452087402344,,,1.71152341365814,7654
283,1923-07-01,,,,56.3728713989258,55.635368347168,54.0467185974121,,,2.03360939025879,8212
284,1923-08-01,,,,42.5658950805664,49.1119613647461,34.420108795166,,,1.53553295135498,7880
285,1923-09-01,,,,80.4443893432617,95.5295791625977,65.7345809936523,,,2.90197157859802,7202
286,1923-10-01,,,,48.9290580749512,56.651123046875,39.4517021179199,,,1.76507937908173,7875
287,1923-11-01,,,,42.2053298950195,50.9799537658691,31.3870697021484,,,1.52252590656281,8013
288,1923-12-01,,,,57.7790794372559,45.3315887451172,67.7333450317383,,,2.08433723449707,8300
289,1924-01-01,,,,60.6611709594727,50.6680068969727,68.0697937011719,,,2.1883065700531,8911
290,1924-02-01,,,,44.8284721374512,32.8373985290527,53.1662254333496,,,1.61715376377106,8348
291,1924-03-01,,,,32.4508209228516,26.6427402496338,35.885986328125,,,1.17063915729523,9482
292,1924-04-01,,,,42.5628890991211,41.2647705078125,41.1045341491699,,,1.53542447090149,9118
293,1924-05-01,,,,39.0557899475098,35.5345077514648,39.0155830383301,,,1.40890860557556,9227
294,1924-06-01,,,,32.0763931274414,30.807466506958,30.3983325958252,,,1.15713202953339,9247
295,1924-07-01,,,,56.5316963195801,55.1318511962891,56.5329971313477,,,2.03933882713318,8287
296,1924-08-01,,,,61.5517196655273,69.2594909667969,51.0620803833008,,,2.22043251991272,8692
297,1924-09-01,,,,76.8068695068359,84.1770935058594,78.4186325073242,,,2.77075052261353,8301
298,1924-10-01,,,,53.921314239502,50.1367950439453,54.9747848510742,,,1.94517123699188,8791
299,1924-11-01,,,,50.2938423156738,40.9342727661133,57.9912185668945,,,1.81431293487549,8929
300,1924-12-01,,,,45.7311592102051,48.5878524780273,41.2348289489746,,,1.6497175693512,8850
301,1925-01-01,,,,36.4663391113281,38.3502769470215,35.1854629516602,,,1.31549608707428,8970
302,1925-02-01,,,,40.3114166259766,35.2998428344727,41.6401214599609,,,1.45420432090759,8527
303,1925-03-01,,,,39.6591796875,39.580493927002,39.4267997741699,,,1.43067538738251,9506
304,1925-04-01,,,,52.6264381408691,38.4847068786621,63.127857208252,,,1.89845955371857,9218
305,1925-05-01,,,,42.9524154663086,40.2064743041992,46.901065826416,,,1.54947638511658,9358
306,1925-06-01,,,,51.6941947937012,57.4596519470215,48.0318260192871,,,1.86482954025269,8419
307,1925-07-01,,,,51.4490165710449,52.4054489135742,52.1357498168945,,,1.85598492622375,8513
308,1925-08-01,,,,52.5730171203613,43.4297218322754,58.6617698669434,,,1.89653241634369,8911
309,1925-09-01,,,,46.7967910766602,39.0682182312012,53.766242980957,,,1.6881594657898,8530
310,1925-10-01,,,,57.5921516418457,57.3780860900879,56.0393486022949,,,2.07759404182434,8712
311,1925-11-01,,,,38.3193016052246,34.558708190918,36.9912528991699,,,1.38234031200409,9332
312,1925-12-01,,,,38.7700691223145,39.3775177001953,37.7701110839844,,,1.39860141277313,9009
313,1926-01-01,,,,24.9199390411377,31.8471546173096,19.1434860229492,,,0.89896821975708,9789
314,1926-02-01,,,,31.8701591491699,35.5796966552734,28.0619735717773,,,1.14969229698181,8611
315,1926-03-01,,,,28.2252311706543,32.0633354187012,23.330997467041,,,1.01820421218872,9723
316,1926-04-01,,,,41.0807838439941,36.3645782470703,42.3665161132813,,,1.4819587469101,9312
317,1926-05-01,,,,54.8147468566895,50.4315872192383,58.2103614807129,,,1.97740113735199,9912
318,1926-06-01,,,,38.4325103759766,35.7699508666992,39.9286575317383,,,1.38642418384552,9016
319,1926-07-01,,,,36.1614418029785,29.5229988098145,38.3727493286133,,,1.30449712276459,8739
320,1926-08-01,,,,39.1467399597168,37.0967330932617,38.7479553222656,,,1.41218948364258,9418
321,1926-09-01,,,,45.0183982849121,42.2001800537109,43.4910659790039,,,1.6240051984787,9298
322,1926-10-01,,,,34.6848907470703,32.3031425476074,34.0100860595703,,,1.25123155117035,10150
323,1926-11-01,,,,35.7468948364258,34.1151504516602,33.7839469909668,,,1.28954255580902,9926
324,1926-12-01,,,,42.0638046264648,46.1468162536621,36.4308891296387,,,1.51742041110992,10017
325,1927-01-01,,,,64.3087463378906,71.5548400878906,58.8917808532715,,,2.31989026069641,10216
326,1927-02-01,,,,52.6806182861328,45.0820083618164,60.733585357666,,,1.90041410923004,9419
327,1927-03-01,,,,61.6190414428711,69.5246887207031,51.9747886657715,,,2.22286105155945,10437
328,1927-04-01,,,,56.5669670104981,53.4909591674805,57.5039863586426,,,2.04061126708984,9948
329,1927-05-01,,,,35.4562797546387,37.6367607116699,33.1495971679688,,,1.27905893325806,10711
330,1927-06-01,,,,39.5652847290039,47.2105751037598,32.978141784668,,,1.42728817462921,10019
331,1927-07-01,,,,34.9145622253418,38.9019088745117,29.6657218933105,,,1.25951683521271,10639
332,1927-08-01,,,,39.5889892578125,40.2603950500488,37.4304580688477,,,1.42814338207245,10013
333,1927-09-01,,,,32.7282943725586,27.860595703125,35.5019874572754,,,1.18064892292023,10418
334,1927-10-01,,,,43.1109657287598,30.9243087768555,53.6414070129395,,,1.55519592761993,11124
335,1927-11-01,,,,47.4281921386719,42.6791381835938,51.2771453857422,,,1.71093678474426,10579
336,1927-12-01,,,,42.6150970458984,45.8500022888184,38.3681488037109,,,1.5373078584671,10668
337,1928-01-01,,,,46.508659362793,34.3987121582031,55.8697204589844,,,1.67776525020599,11563
338,1928-02-01,,,,37.3111381530762,35.1542320251465,38.797290802002,,,1.34597158432007,10550
339,1928-03-01,,,,41.6777381896973,37.5543899536133,47.9756660461426,,,1.50349342823029,11307
340,1928-04-01,,,,37.5997505187988,33.8321990966797,40.2211494445801,,,1.35638296604157,11280
341,1928-05-01,,,,41.1493339538574,36.0022010803223,44.6366996765137,,,1.48443162441254,11048
342,1928-06-01,,,,35.1023406982422,25.8343296051025,41.0233497619629,,,1.26629078388214,10819
343,1928-07-01,,,,34.8268775939941,30.414005279541,35.9442939758301,,,1.25635373592377,10427
344,1928-08-01,,,,37.7821502685547,36.0989723205566,39.9387588500977,,,1.3629629611969,10125
345,1928-09-01,,,,30.7003383636475,25.5120124816895,33.0447006225586,,,1.10749185085297,10745
346,1928-10-01,,,,27.1130657196045,19.9580039978027,32.6024971008301,,,0.978083670139313,11042
347,1928-11-01,,,,28.4140071868897,29.8219718933105,28.2884349822998,,,1.0250141620636,10634
348,1928-12-01,,,,48.1014518737793,56.3400573730469,44.3062782287598,,,1.73522412776947,11353
349,1929-01-01,,,,37.3056716918945,31.3455085754395,41.5895843505859,,,1.34577429294586,11146
350,1929-02-01,,,,42.3987846374512,48.7964134216309,38.9300384521484,,,1.52950465679169,10134
351,1929-03-01,,,,46.7976684570313,37.203727722168,60.7743377685547,,,1.68819105625153,11847
352,1929-04-01,,,,44.7309112548828,33.134090423584,54.9877548217773,,,1.61363434791565,11031
353,1929-05-01,,,,40.4847564697266,37.0283203125,43.9378967285156,,,1.46045744419098,10887
354,1929-06-01,,,,29.21702003479,27.0943737030029,30.7340717315674,,,1.05398225784302,10911
355,1929-07-01,,,,57.564208984375,70.1447143554688,51.2030296325684,,,2.0765860080719,10498
356,1929-08-01,,,,44.6315841674805,50.5237922668457,38.5521507263184,,,1.61005115509033,10745
357,1929-09-01,,,,35.4883232116699,37.0525894165039,32.2288970947266,,,1.28021490573883,11170
358,1929-10-01,,,,35.2464637756348,30.80246925354,37.0919456481934,,,1.27148997783661,11168
359,1929-11-01,,,,35.1363487243652,34.5445175170898,35.2153015136719,,,1.2675176858902,11203
360,1929-12-01,,,,37.4635162353516,37.7178840637207,38.0230598449707,,,1.35146844387054,11543
361,1930-01-01,,,,34.2940444946289,44.1690292358398,24.4925441741943,,,1.23713207244873,11074
362,1930-02-01,,,,36.4384231567383,40.3738250732422,32.1680679321289,,,1.31448900699615,10118
363,1930-03-01,,,,43.7415008544922,58.9240188598633,28.6689128875732,,,1.57794201374054,12041
364,1930-04-01,,,,38.9411392211914,44.0457305908203,31.9734649658203,,,1.4047726392746,11105
365,1930-05-01,,,,38.5768775939941,33.7809448242188,39.8484153747559,,,1.39163219928741,11138
366,1930-06-01,,,,43.8127746582031,41.9768142700195,43.5560569763184,,,1.58051323890686,10756
367,1930-07-01,,,,39.3065414428711,42.0499229431152,34.7218170166016,,,1.41795420646667,10226
368,1930-08-01,,,,45.421314239502,44.2997093200684,46.9340553283691,,,1.63854002952576,10192
369,1930-09-01,,,,45.5681114196777,45.7561340332031,45.3578758239746,,,1.64383566379547,10220
370,1930-10-01,,,,65.1526260375977,54.8229331970215,76.9789276123047,,,2.35033249855042,11275
371,1930-11-01,,,,43.0578575134277,48.0413246154785,38.0857467651367,,,1.55328011512756,11524
372,1930-12-01,,,,41.4124221801758,36.9075164794922,42.5560035705566,,,1.49392223358154,10777
373,1931-01-01,,,,36.4265441894531,37.1990776062012,34.561279296875,,,1.31406044960022,11415
374,1931-02-01,,,,36.3271217346191,41.8393402099609,31.5839080810547,,,1.3104739189148,10149
375,1931-03-01,,,,37.6657638549805,35.8365669250488,39.5382690429688,,,1.35876441001892,11849
376,1931-04-01,,,,41.0382537841797,37.3898506164551,47.9380569458008,,,1.48042452335358,11213
377,1931-05-01,,,,45.6971015930176,44.303394317627,48.037727355957,,,1.6484888792038,12011
378,1931-06-01,,,,34.4339447021484,35.1147613525391,31.7631931304932,,,1.24217891693115,10868
379,1931-07-01,,,,39.3074111938477,37.3709983825684,40.1518783569336,,,1.41798555850983,10931
380,1931-08-01,,,,46.5637245178223,43.1808242797852,47.7209243774414,,,1.67975163459778,10954
381,1931-09-01,,,,46.7670822143555,50.6600494384766,45.0850028991699,,,1.68708765506744,10610
382,1931-10-01,,,,52.4806327819824,60.2346611022949,46.4718856811523,,,1.89319980144501,11779
383,1931-11-01,,,,70.7918548583984,80.3726043701172,65.8688278198242,,,2.5537633895874,11904
384,1931-12-01,,,,47.3815078735352,44.0614738464356,48.5964317321777,,,1.70925259590149,11467
385,1932-01-01,,,,63.5719604492188,65.2060241699219,61.0542526245117,,,2.29331111907959,12035
386,1932-02-01,,,,113.993148803711,129.67268371582,102.297538757324,,,4.11221790313721,10943
387,1932-03-01,,,,67.1852798461914,68.1931457519531,66.8804550170898,,,2.42365908622742,11429
388,1932-04-01,,,,53.5929908752441,51.4728813171387,51.6803398132324,,,1.93332731723785,11069
389,1932-05-01,,,,45.1197509765625,35.9407348632813,52.4992904663086,,,1.62766146659851,11366
390,1932-06-01,,,,38.6626625061035,40.0508651733398,39.5722999572754,,,1.39472675323486,10468
391,1932-07-01,,,,56.5095405578613,53.4232292175293,56.5167617797852,,,2.03853964805603,9860
392,1932-08-01,,,,73.4521484375,79.4513473510742,69.114990234375,,,2.64973163604736,9133
393,1932-09-01,,,,70.1973266601563,74.6057510375977,65.3139190673828,,,2.53231620788574,9438
394,1932-10-01,,,,44.7228736877441,54.38232421875,36.8589859008789,,,1.61334431171417,10971
395,1932-11-01,,,,45.7657737731934,48.5459747314453,45.0186958312988,,,1.65096628665924,10297
396,1932-12-01,,,,43.8541831970215,44.5656814575195,39.4780197143555,,,1.58200705051422,10493
397,1933-01-01,,,,46.3891716003418,48.5437545776367,44.9743804931641,,,1.67345488071442,11294
398,1933-02-01,,,,89.6778411865234,114.860176086426,68.3028106689453,,,3.23506140708923,10108
399,1933-03-01,,,,73.7829971313477,93.410400390625,53.6763954162598,,,2.66166663169861,10933
400,1933-04-01,,,,52.085147857666,63.3589553833008,43.7070159912109,,,1.87893295288086,11283
401,1933-05-01,,,,75.3380279541016,82.4987716674805,68.4590530395508,,,2.7177631855011,10229
402,1933-06-01,,,,38.8099250793457,47.3617362976074,27.5203990936279,,,1.4000391960144,10214
403,1933-07-01,,,,32.7759628295898,34.0642356872559,31.2531223297119,,,1.182368516922,10572
404,1933-08-01,,,,49.9566040039063,54.1006736755371,43.0179328918457,,,1.80214726924896,10432
405,1933-09-01,,,,44.8657112121582,51.7825736999512,38.9576034545898,,,1.618497133255,10380
406,1933-10-01,,,,50.1824493408203,61.4314880371094,38.2602844238281,,,1.81029450893402,11987
407,1933-11-01,,,,41.1572227478027,46.4740676879883,35.317024230957,,,1.48471617698669,11450
408,1933-12-01,,,,39.4976806640625,40.7000389099121,37.7428321838379,,,1.42484939098358,12282
409,1934-01-01,,,,41.8152084350586,46.5975799560547,35.4842987060547,,,1.5084525346756,11535
410,1934-02-01,,,,50.2520179748535,52.822078704834,47.5219650268555,,,1.81280410289764,10481
411,1934-03-01,,,,44.2706413269043,54.2885589599609,34.0570602416992,,,1.59703040122986,11584
412,1934-04-01,,,,41.6315040588379,46.8285980224609,37.6447525024414,,,1.50182545185089,12052
413,1934-05-01,,,,64.6443252563477,85.3607406616211,43.6923332214356,,,2.33199596405029,11964
414,1934-06-01,,,,46.0523147583008,53.7643356323242,35.6015815734863,,,1.66130292415619,11497
415,1934-07-01,,,,74.129508972168,96.7552108764648,51.6405868530273,,,2.6741669178009,11555
416,1934-08-01,,,,49.6391563415527,61.9098358154297,38.1630325317383,,,1.79069554805756,11113
417,1934-09-01,,,,61.6171913146973,79.3430633544922,48.2480888366699,,,2.2227942943573,11652
418,1934-10-01,,,,43.6033515930176,47.6701240539551,41.6731719970703,,,1.57295846939087,11952
419,1934-11-01,,,,46.4347839355469,59.555835723877,32.6985816955566,,,1.67510032653809,11462
420,1934-12-01,,,,61.0857048034668,79.4226531982422,45.0688858032227,,,2.20362138748169,11708
421,1935-01-01,,,,45.4594650268555,53.4502410888672,38.7152519226074,,,1.63991630077362,11464
422,1935-02-01,,,,50.4666328430176,73.3911895751953,31.1480102539063,,,1.82054615020752,10766
423,1935-03-01,,,,67.3647613525391,88.3864974975586,51.5316886901856,,,2.4301335811615,12345
424,1935-04-01,,,,57.2430267333984,79.6162185668945,35.2339401245117,,,2.0649995803833,11477
425,1935-05-01,,,,44.0345916748047,57.5309104919434,30.9996795654297,,,1.58851516246796,11772
426,1935-06-01,,,,45.9251365661621,57.8592224121094,37.7397270202637,,,1.65671515464783,11891
427,1935-07-01,,,,70.6822052001953,100.702011108398,44.1677322387695,,,2.54980802536011,10942
428,1935-08-01,,,,88.2607345581055,116.433921813965,72.7517395019531,,,3.18394017219543,10710
429,1935-09-01,,,,132.076843261719,212.912292480469,70.9496688842773,,,4.76457405090332,10704
430,1935-10-01,,,,188.74853515625,282.404571533203,122.881721496582,,,6.80896282196045,10354
431,1935-11-01,,,,100.062355041504,136.459899902344,71.0217971801758,,,3.60967493057251,10832
432,1935-12-01,,,,102.660125732422,140.808486938477,69.8543167114258,,,3.70338773727417,11719
433,1936-01-01,,,,80.8976287841797,102.562759399414,65.996955871582,,,2.91832160949707,11582
434,1936-02-01,,,,79.9384689331055,103.000595092773,60.0950355529785,,,2.88372087478638,10750
435,1936-03-01,,,,98.9214859008789,148.892837524414,54.2404632568359,,,3.56851887702942,12274
436,1936-04-01,,,,71.3661041259766,98.1149139404297,49.6797904968262,,,2.57447910308838,11614
437,1936-05-01,,,,65.002571105957,87.1554183959961,45.9274749755859,,,2.34491944313049,12026
438,1936-06-01,,,,72.5371017456055,98.2620620727539,60.5439910888672,,,2.61672186851501,11159
439,1936-07-01,,,,82.0948257446289,79.8421173095703,87.074592590332,,,2.96150970458984,10704
440,1936-08-01,,,,136.898040771484,126.402687072754,149.870788574219,,,4.93849515914917,11056
441,1936-09-01,,,,115.925277709961,109.684478759766,127.25772857666,,,4.18191814422607,10928
442,1936-10-01,,,,93.9720916748047,81.8372039794922,108.684661865234,,,3.38997316360474,11888
443,1936-11-01,,,,106.626419067383,96.336181640625,118.25178527832,,,3.8464686870575,12219
444,1936-12-01,,,,92.6541213989258,109.99382019043,80.7333526611328,,,3.34242844581604,11728
445,1937-01-01,,,,86.9389877319336,106.954849243164,69.8610382080078,,,3.13625931739807,12212
446,1937-02-01,,,,70.6705780029297,82.4205093383789,66.8043823242188,,,2.54938840866089,10630
447,1937-03-01,,,,78.5029830932617,79.6652145385742,81.3571701049805,,,2.8319365978241,11335
448,1937-04-01,,,,73.579216003418,86.1766815185547,69.4015426635742,,,2.65431547164917,11227
449,1937-05-01,,,,58.0830459594727,50.4079475402832,67.9138565063477,,,2.09530258178711,11836
450,1937-06-01,,,,73.0447158813477,78.6294860839844,72.6031188964844,,,2.63503384590149,10664
451,1937-07-01,,,,99.0399703979492,105.775352478027,105.997230529785,,,3.57279324531555,10468
452,1937-08-01,,,,100.356575012207,97.0457000732422,120.246002197266,,,3.62028861045837,10745
453,1937-09-01,,,,126.112266540527,136.543334960938,122.417259216309,,,4.54940605163574,10353
454,1937-10-01,,,,109.758392333984,112.232063293457,114.079063415527,,,3.95945239067078,11542
455,1937-11-01,,,,85.1643142700195,103.642539978027,81.8953094482422,,,3.07223916053772,10839
456,1937-12-01,,,,88.4893798828125,87.8091659545898,94.9159545898438,,,3.19218850135803,10651
457,1938-01-01,,,,77.8406448364258,70.9433670043945,86.0570526123047,,,2.80804324150085,11289
458,1938-02-01,,,,91.1559143066406,96.4606246948242,91.0581207275391,,,3.28838181495667,9640
459,1938-03-01,,,,112.187271118164,145.020919799805,87.7585144042969,,,4.0470724105835,10452
460,1938-04-01,,,,81.9395141601563,77.5930023193359,84.2653884887695,,,2.95590686798096,10183
461,1938-05-01,,,,100.394485473633,107.214057922363,101.539451599121,,,3.62165641784668,10879
462,1938-06-01,,,,83.6075210571289,77.8367691040039,89.6360931396484,,,3.01607918739319,10013
463,1938-07-01,,,,77.2451477050781,65.3289337158203,91.6121520996094,,,2.78656125068665,10120
464,1938-08-01,,,,103.335426330566,104.123641967773,111.538833618164,,,3.72774863243103,9550
465,1938-09-01,,,,210.744720458984,316.113494873047,130.360382080078,,,7.60245895385742,9760
466,1938-10-01,,,,140.141754150391,184.444595336914,97.7333602905273,,,5.05550956726074,10899
467,1938-11-01,,,,71.9365386962891,77.6620483398438,63.7527465820313,,,2.59505701065063,10520
468,1938-12-01,,,,74.1583480834961,89.6176071166992,62.7117080688477,,,2.67520713806152,10616
469,1939-01-01,,,,117.611846923828,143.770431518555,99.156867980957,,,4.24275970458984,10842
470,1939-02-01,,,,97.0576095581055,117.621841430664,80.0151977539063,,,3.50128102302551,9368
471,1939-03-01,,,,111.830963134766,147.625793457031,89.7033309936523,,,4.03421878814697,11105
472,1939-04-01,,,,141.783889770508,212.285522460938,89.4874877929688,,,5.11474847793579,11242
473,1939-05-01,,,,86.4595031738281,114.236099243164,65.3354187011719,,,3.11896228790283,10869
474,1939-06-01,,,,104.218955993652,155.405960083008,59.3683090209961,,,3.75962114334106,10134
475,1939-07-01,,,,122.503364562988,188.502014160156,73.4770965576172,,,4.41921758651733,9866
476,1939-08-01,,,,181.132888793945,282.924896240234,101.941101074219,,,6.53423404693604,9917
477,1939-09-01,,,,484.188293457031,480.017578125,559.984741210938,,,17.4667320251465,10145
478,1939-10-01,,,,350.274566650391,356.355651855469,384.954650878906,,,12.6358938217163,11222
479,1939-11-01,,,,267.201995849609,247.832870483398,299.209259033203,,,9.6391134262085,10779
480,1939-12-01,,,,227.919891357422,152.846801757813,307.348358154297,,,8.2220401763916,11007
481,1940-01-01,,,,193.371185302734,143.26481628418,251.171432495117,,,6.97572135925293,11368
482,1940-02-01,,,,190.77229309082,143.623474121094,240.316360473633,,,6.88196849822998,10404
483,1940-03-01,,,,160.762100219727,123.711738586426,200.155059814453,,,5.79937314987183,12122
484,1940-04-01,,,,196.903274536133,162.456100463867,244.140563964844,,,7.10313892364502,11150
485,1940-05-01,,,,261.62060546875,196.124282836914,333.060821533203,,,9.43776893615723,11401
486,1940-06-01,,,,260.617034912109,213.083053588867,320.019989013672,,,9.40156555175781,11881
487,1940-07-01,,,,209.878601074219,192.900756835938,232.895156860352,,,7.57121419906616,10672
488,1940-08-01,,,,212.500503540039,190.248870849609,240.234252929688,,,7.66579723358154,10736
489,1940-09-01,,,,187.991134643555,157.87614440918,210.848480224609,,,6.78164005279541,11133
490,1940-10-01,,,,178.543579101563,174.04411315918,186.58415222168,,,6.44082689285278,11365
491,1940-11-01,,,,167.94856262207,130.865081787109,211.500137329102,,,6.05861949920654,10679
492,1940-12-01,,,,179.954162597656,145.233489990234,214.985198974609,,,6.49171257019043,11584
493,1941-01-01,,,,208.482177734375,143.978546142578,264.655609130859,,,7.52083921432495,10677
494,1941-02-01,,,,206.454437255859,162.576034545898,245.704742431641,,,7.4476900100708,9654
495,1941-03-01,,,,208.713409423828,171.93586730957,235.961441040039,,,7.52918100357056,11223
496,1941-04-01,,,,235.874160766602,158.196640014648,301.300628662109,,,8.50898456573486,10295
497,1941-05-01,,,,226.996383666992,162.849182128906,285.868499755859,,,8.18872547149658,10661
498,1941-06-01,,,,249.626495361328,157.694107055664,339.109375,,,9.00508975982666,10805
499,1941-07-01,,,,257.754913330078,163.507339477539,339.031799316406,,,9.29831695556641,9862
500,1941-08-01,,,,227.47004699707,163.398284912109,283.621124267578,,,8.20581245422363,9737
501,1941-09-01,,,,221.709289550781,123.749465942383,314.942260742188,,,7.99799776077271,9990
502,1941-10-01,,,,207.930816650391,122.994918823242,282.346343994141,,,7.50094938278198,10532
503,1941-11-01,,,,204.567764282227,113.472885131836,275.796630859375,,,7.37962961196899,10800
504,1941-12-01,,,,447.508544921875,203.515426635742,665.718627929688,,,16.1435375213623,11119
505,1942-01-01,,,,338.993011474609,130.591049194336,509.43212890625,,,12.2289209365845,11113
506,1942-02-01,,,,328.925994873047,142.804458618164,481.226440429688,,,11.8657608032227,10012
507,1942-03-01,,,,280.320678710938,134.941970825195,398.690032958984,,,10.1123600006104,11392
508,1942-04-01,,,,287.121337890625,125.431098937988,414.571105957031,,,10.3576889038086,10456
509,1942-05-01,,,,277.560211181641,103.026336669922,415.456359863281,,,10.0127782821655,10956
510,1942-06-01,,,,296.419921875,117.817626953125,435.787780761719,,,10.6931276321411,10128
511,1942-07-01,,,,292.839202880859,105.435836791992,439.84130859375,,,10.5639562606812,9788
512,1942-08-01,,,,338.062713623047,122.578269958496,507.771209716797,,,12.1953611373901,10217
513,1942-09-01,,,,294.471893310547,111.24390411377,440.663299560547,,,10.6228542327881,10195
514,1942-10-01,,,,298.26123046875,106.913841247559,449.393188476563,,,10.7595520019531,10809
515,1942-11-01,,,,308.585845947266,110.168937683105,468.294189453125,,,11.132004737854,10636
516,1942-12-01,,,,332.125183105469,116.713775634766,498.926788330078,,,11.9811687469482,10408
517,1943-01-01,,,,319.030059814453,108.308891296387,494.382202148438,,,11.5087718963623,9975
518,1943-02-01,,,,328.575286865234,139.408157348633,478.742156982422,,,11.8531084060669,8251
519,1943-03-01,,,,335.371032714844,116.63321685791,503.241363525391,,,12.0982599258423,9770
520,1943-04-01,,,,309.938903808594,111.492607116699,471.540252685547,,,11.1808156967163,9883
521,1943-05-01,,,,340.523956298828,120.050331115723,520.631103515625,,,12.2841482162476,9671
522,1943-06-01,,,,352.042266845703,131.201553344727,530.3125,,,12.6996622085571,8890
523,1943-07-01,,,,402.742797851563,152.748550415039,608.975402832031,,,14.5286464691162,8762
524,1943-08-01,,,,367.289184570313,152.211074829102,543.272644042969,,,13.249683380127,8687
525,1943-09-01,,,,401.103942871094,148.025695800781,608.918762207031,,,14.4695262908936,8860
526,1943-10-01,,,,323.503448486328,115.580001831055,491.601989746094,,,11.6701459884644,9580
527,1943-11-01,,,,313.248443603516,99.402099609375,481.732391357422,,,11.3002042770386,8814
528,1943-12-01,,,,339.356750488281,102.148780822754,524.941772460938,,,12.2420425415039,8577
529,1944-01-01,,,,363.146148681641,134.520599365234,550.95849609375,,,13.100227355957,8351
530,1944-02-01,,,,350.922180175781,128.948287963867,539.399597167969,,,12.6592569351196,7378
531,1944-03-01,,,,331.273620605469,122.070785522461,495.302368164063,,,11.9504489898682,8234
532,1944-04-01,,,,352.485992431641,132.75602722168,528.5791015625,,,12.715669631958,8462
533,1944-05-01,,,,389.853240966797,123.6484375,609.5341796875,,,14.0636653900146,8042
534,1944-06-01,,,,473.216491699219,138.128509521484,746.152893066406,,,17.0709323883057,7627
535,1944-07-01,,,,396.892028808594,119.915390014648,621.933776855469,,,14.3175849914551,7620
536,1944-08-01,,,,417.785766601563,155.530944824219,624.886413574219,,,15.0713109970093,7292
537,1944-09-01,,,,390.090148925781,147.154006958008,583.087890625,,,14.0722122192383,7561
538,1944-10-01,,,,354.891418457031,136.36442565918,542.148071289063,,,12.8024435043335,8514
539,1944-11-01,,,,341.066741943359,130.551544189453,512.98828125,,,12.303729057312,8152
540,1944-12-01,,,,359.222991943359,130.193328857422,538.716186523438,,,12.9587020874023,8257
541,1945-01-01,,,,326.989654541016,165.63623046875,454.656188964844,,,11.7959079742432,7918
542,1945-02-01,,,,314.144226074219,161.753677368164,446.552368164063,,,11.33251953125,7377
543,1945-03-01,,,,321.103729248047,165.506820678711,449.519927978516,,,11.5835781097412,8184
544,1945-04-01,,,,277.585296630859,151.107986450195,388.922424316406,,,10.0136833190918,8039
545,1945-05-01,,,,231.925354003906,145.358810424805,311.379333496094,,,8.36653423309326,8283
546,1945-06-01,,,,239.478500366211,157.729217529297,309.385955810547,,,8.63900852203369,7906
547,1945-07-01,,,,254.038513183594,174.808776855469,338.171630859375,,,9.16425037384033,7933
548,1945-08-01,,,,280.339996337891,275.128936767578,305.727386474609,,,10.1130571365356,8049
549,1945-09-01,,,,158.338928222656,153.82243347168,160.63395690918,,,5.71195888519287,8596
550,1945-10-01,,,,176.297348022461,179.884857177734,160.653610229492,,,6.35979557037354,8994
551,1945-11-01,,,,176.180541992188,213.350311279297,138.069305419922,,,6.35558176040649,8465
552,1945-12-01,,,,132.405303955078,134.739944458008,123.063827514648,,,4.77642297744751,8856
553,1946-01-01,,,,136.214630126953,137.438262939453,132.675247192383,,,4.91384124755859,8995
554,1946-02-01,,,,122.529266357422,128.372299194336,110.160995483398,,,4.42015218734741,8416
555,1946-03-01,,,,131.415771484375,179.837799072266,84.2431182861328,,,4.74072599411011,9893
556,1946-04-01,,,,115.989532470703,132.501571655273,95.9739761352539,,,4.1842360496521,9249
557,1946-05-01,,,,124.818557739258,152.652450561523,94.2187957763672,,,4.50273656845093,9683
558,1946-06-01,,,,123.56192779541,154.499954223633,87.8233795166016,,,4.45740461349487,9602
559,1946-07-01,,,,128.630355834961,157.277908325195,98.5323333740234,,,4.64024448394775,9159
560,1946-08-01,,,,122.593551635742,141.340606689453,106.634902954102,,,4.42247104644775,9203
561,1946-09-01,,,,132.153411865234,180.843307495117,79.8662948608398,,,4.76733589172363,8768
562,1946-10-01,,,,115.050483703613,147.799514770508,79.2284393310547,,,4.15036058425903,9710
563,1946-11-01,,,,104.272583007813,115.94213104248,92.2258453369141,,,3.76155567169189,9411
564,1946-12-01,,,,109.546867370605,126.80493927002,89.8325347900391,,,3.95182156562805,10046
565,1947-01-01,,,,102.464042663574,98.7745971679688,101.498123168945,,,3.69631409645081,9523
566,1947-02-01,,,,97.7743301391602,103.354225158691,84.7253189086914,,,3.5271360874176,8789
567,1947-03-01,,,,118.67977142334,131.727783203125,100.632026672363,,,4.28128433227539,9997
568,1947-04-01,,,,102.748641967773,112.737861633301,90.847053527832,,,3.70658087730408,9011
569,1947-05-01,,,,90.1581954956055,105.717018127441,74.7766036987305,,,3.25238990783691,9101
570,1947-06-01,,,,87.4980621337891,102.758735656738,70.7090148925781,,,3.15642738342285,10043
571,1947-07-01,,,,111.115676879883,112.48819732666,107.027648925781,,,4.00841522216797,9031
572,1947-08-01,,,,112.923835754395,117.157585144043,103.314956665039,,,4.07364320755005,9451
573,1947-09-01,,,,99.3642501831055,109.534027099609,87.0955352783203,,,3.58449149131775,9569
574,1947-10-01,,,,91.3535308837891,107.129379272461,76.3926620483398,,,3.2955105304718,10135
575,1947-11-01,,,,85.0682144165039,94.0254364013672,71.4776153564453,,,3.06877255439758,10004
576,1947-12-01,,,,92.0465316772461,97.9454956054688,86.8672332763672,,,3.32051014900208,9878
577,1948-01-01,,,,90.1971817016602,99.9385986328125,79.9751739501953,,,3.25379610061646,9681
578,1948-02-01,,,,101.243537902832,118.820098876953,80.5760116577148,,,3.65228533744812,9364
579,1948-03-01,,,,139.126907348633,191.320419311523,83.8824996948242,,,5.01889944076538,9524
580,1948-04-01,,,,125.589248657227,150.207290649414,100.226615905762,,,4.53053855895996,9447
581,1948-05-01,,,,128.972137451172,169.617645263672,94.269889831543,,,4.65257406234741,9887
582,1948-06-01,,,,105.329689025879,126.53662109375,82.4880676269531,,,3.79969024658203,9685
583,1948-07-01,,,,139.153076171875,196.598266601563,78.8145370483398,,,5.01984357833862,9323
584,1948-08-01,,,,106.926132202148,120.366600036621,86.6559371948242,,,3.85728073120117,9333
585,1948-09-01,,,,121.509315490723,167.720138549805,71.1822280883789,,,4.38335800170898,9422
586,1948-10-01,,,,129.359298706055,169.588180541992,85.7159576416016,,,4.66654062271118,10586
587,1948-11-01,,,,99.3539657592773,131.524276733398,64.0904846191406,,,3.58412027359009,9849
588,1948-12-01,,,,85.4159088134766,95.2456741333008,74.2777862548828,,,3.08131527900696,10158
589,1949-01-01,,,,90.2917327880859,106.655433654785,72.0056304931641,,,3.25720715522766,10684
590,1949-02-01,,,,90.1914215087891,103.442916870117,74.4569625854492,,,3.25358843803406,9405
591,1949-03-01,,,,76.2833633422852,92.7593994140625,56.122989654541,,,2.75186562538147,10720
592,1949-04-01,,,,91.9588241577148,119.767379760742,60.6085014343262,,,3.31734609603882,10008
593,1949-05-01,,,,93.0523681640625,121.255889892578,62.7446517944336,,,3.35679483413696,11082
594,1949-06-01,,,,81.8393402099609,104.875984191895,56.9266815185547,,,2.95229339599609,9789
595,1949-07-01,,,,79.7897644042969,107.69743347168,47.6494064331055,,,2.87835645675659,9832
596,1949-08-01,,,,88.2727890014648,98.1324005126953,81.6588668823242,,,3.1843752861023,9421
597,1949-09-01,,,,94.7828903198242,119.012145996094,66.6740341186523,,,3.41922211647034,10207
598,1949-10-01,,,,83.7472839355469,115.921714782715,51.8592414855957,,,3.02112102508545,11221
599,1949-11-01,,,,66.2632904052734,83.1685028076172,46.4678611755371,,,2.39039874076843,10082
600,1949-12-01,,,,68.2132720947266,93.6667633056641,47.6903228759766,,,2.46074295043945,10444
601,1950-01-01,,,,75.7698059082031,99.7469024658203,49.5896224975586,,,2.73333930969238,10939
602,1950-02-01,,,,101.807960510254,150.621826171875,51.2985191345215,,,3.67264628410339,9421
603,1950-03-01,,,,74.7001647949219,106.082786560059,44.9208106994629,,,2.69475293159485,10539
604,1950-04-01,,,,77.9212112426758,102.701316833496,53.4551315307617,,,2.81094980239868,10886
605,1950-05-01,,,,84.7796096801758,122.159797668457,45.6616897583008,,,3.05836129188538,10692
606,1950-06-01,,,,102.638236999512,126.25732421875,81.9701614379883,,,3.70259785652161,10047
607,1950-07-01,,,,242.364379882813,303.06884765625,201.505935668945,,,8.74311447143555,9985
608,1950-08-01,,,,229.549270629883,266.740417480469,212.680252075195,,,8.28081893920898,10156
609,1950-09-01,,,,190.147857666016,185.103073120117,196.593963623047,,,6.85944223403931,10686
610,1950-10-01,,,,140.04280090332,152.236083984375,128.726806640625,,,5.05193996429443,11263
611,1950-11-01,,,,156.133544921875,152.441436767578,163.907699584961,,,5.63240146636963,10049
612,1950-12-01,,,,237.107025146484,315.168731689453,187.047241210938,,,8.55345916748047,10335
613,1951-01-01,,,,215.741134643555,276.465667724609,175.750442504883,,,7.78270101547241,10382
614,1951-02-01,,,,181.308181762695,207.372695922852,162.85368347168,,,6.54055786132813,9357
615,1951-03-01,,,,148.584335327148,164.779708862305,135.017379760742,,,5.36006927490234,10373
616,1951-04-01,,,,153.088989257813,186.411407470703,141.28401184082,,,5.52257108688355,10611
617,1951-05-01,,,,185.571624755859,234.690292358398,167.684967041016,,,6.69435834884644,10352
618,1951-06-01,,,,145.987411499023,172.040573120117,135.654296875,,,5.26638698577881,9779
619,1951-07-01,,,,147.38493347168,180.730270385742,133.688903808594,,,5.31680154800415,9517
620,1951-08-01,,,,142.898544311523,167.692077636719,128.890487670898,,,5.15495872497559,9680
621,1951-09-01,,,,117.812545776367,118.870887756348,113.802978515625,,,4.25,10400
622,1951-10-01,,,,151.995620727539,172.091674804688,139.926467895508,,,5.48312902450562,10432
623,1951-11-01,,,,144.309783935547,160.258850097656,132.096908569336,,,5.20586824417114,10565
624,1951-12-01,,,,118.539405822754,129.936706542969,115.889129638672,,,4.27622079849243,10383
625,1952-01-01,,,,136.684158325195,150.86376953125,132.802520751953,,,4.93077945709229,10546
626,1952-02-01,,,,109.986427307129,121.387840270996,99.6203536987305,,,3.96767854690552,9653
627,1952-03-01,,,,100.542358398438,102.423957824707,98.9651870727539,,,3.6269907951355,10863
628,1952-04-01,,,,100.392211914063,95.2484436035156,103.624221801758,,,3.62157440185547,10327
629,1952-05-01,,,,111.623031616211,125.143852233887,97.8763580322266,,,4.02671766281128,10480
630,1952-06-01,,,,114.968940734863,105.794952392578,124.301780700684,,,4.14741897583008,9958
631,1952-07-01,,,,94.6741790771484,81.3371658325195,107.273300170898,,,3.41530060768127,9516
632,1952-08-01,,,,88.6738815307617,89.2972869873047,88.5434417724609,,,3.19884419441223,9691
633,1952-09-01,,,,98.136116027832,95.6962432861328,99.9792251586914,,,3.5401873588562,9717
634,1952-10-01,,,,110.677238464355,107.301719665527,111.412925720215,,,3.99259901046753,10269
635,1952-11-01,,,,100.034019470215,83.5058898925781,111.52766418457,,,3.6086528301239,10170
636,1952-12-01,,,,94.5601272583008,89.7490386962891,94.9718246459961,,,3.41118621826172,9762
637,1953-01-01,,,,91.2088623046875,85.3424377441406,92.4501876831055,,,3.29029178619385,10455
638,1953-02-01,,,,132.777069091797,162.879730224609,113.551651000977,,,4.78983402252197,9207
639,1953-03-01,,,,109.002174377441,105.431411743164,114.811317443848,,,3.9321722984314,10910
640,1953-04-01,,,,100.99649810791,112.422340393066,94.1136932373047,,,3.64337348937988,10375
641,1953-05-01,,,,109.353958129883,116.011367797852,105.990447998047,,,3.94486260414124,11027
642,1953-06-01,,,,117.972015380859,130.244079589844,107.94792175293,,,4.25575256347656,9822
643,1953-07-01,,,,111.861183166504,113.533126831055,112.973815917969,,,4.03530883789063,9516
644,1953-08-01,,,,105.127456665039,130.92317199707,72.9836196899414,,,3.79239463806152,9730
645,1953-09-01,,,,86.946533203125,99.1703186035156,73.2945938110352,,,3.13653135299683,9756
646,1953-10-01,,,,100.086761474609,117.260375976563,82.2145309448242,,,3.61055541038513,10497
647,1953-11-01,,,,59.4474411010742,69.6624069213867,45.5211944580078,,,2.14452219009399,10725
648,1953-12-01,,,,98.3712768554688,135.82258605957,57.4307899475098,,,3.54867053031921,9102
649,1954-01-01,,,,83.4408264160156,95.2023468017578,69.2084808349609,,,3.01006579399109,10332
650,1954-02-01,,,,78.8530426025391,92.8298645019531,62.3460655212402,,,2.84456491470337,8859
651,1954-03-01,,,,100.261863708496,121.70694732666,78.5595169067383,,,3.61687207221985,9981
652,1954-04-01,,,,127.524322509766,182.876754760742,77.511962890625,,,4.60034513473511,10434
653,1954-05-01,,,,83.3118667602539,101.339958190918,62.5983695983887,,,3.00541353225708,10714
654,1954-06-01,,,,119.234764099121,151.830535888672,89.7013320922852,,,4.30130529403687,9346
655,1954-07-01,,,,109.878875732422,129.311096191406,87.567497253418,,,3.9637987613678,8729
656,1954-08-01,,,,81.6824340820313,110.281112670898,53.8193016052246,,,2.94663310050964,9163
657,1954-09-01,,,,79.4170303344727,103.409210205078,54.6565284729004,,,2.86491012573242,9564
658,1954-10-01,,,,61.676513671875,82.7548904418945,37.962818145752,,,2.22493433952332,10652
659,1954-11-01,,,,85.9705429077148,112.941352844238,53.8032073974609,,,3.10132336616516,9899
660,1954-12-01,,,,81.4252853393555,113.311180114746,53.2119026184082,,,2.93735647201538,10009
661,1955-01-01,,,,96.2097244262695,130.639389038086,65.1083297729492,,,3.47069406509399,9998
662,1955-02-01,,,,110.463928222656,162.283096313477,62.4027900695801,,,3.98490405082703,9009
663,1955-03-01,,,,116.491455078125,164.514785766602,74.7411956787109,,,4.20234251022339,10161
664,1955-04-01,,,,99.868049621582,137.118133544922,68.2928466796875,,,3.6026656627655,9604
665,1955-05-01,,,,80.8739166259766,110.389320373535,51.1130523681641,,,2.91746640205383,10420
666,1955-06-01,,,,84.1080093383789,113.253921508789,59.7469635009766,,,3.03413391113281,9492
667,1955-07-01,,,,80.5865325927734,115.494667053223,46.2292175292969,,,2.90709924697876,9494
668,1955-08-01,,,,84.7210235595703,108.933654785156,59.3250617980957,,,3.05624794960022,9227
669,1955-09-01,,,,79.8739013671875,105.87865447998,54.2543563842773,,,2.88139152526855,9544
670,1955-10-01,,,,77.3074493408203,94.1115570068359,58.3051986694336,,,2.78880858421326,11080
671,1955-11-01,,,,80.7842102050781,99.0137329101563,63.9263648986816,,,2.91423010826111,10260
672,1955-12-01,,,,78.1252212524414,90.2463760375977,66.0419692993164,,,2.81830906867981,10006
673,1956-01-01,,,,101.664794921875,140.011627197266,61.6780624389648,,,3.6674816608429,10634
674,1956-02-01,,,,114.988265991211,150.00358581543,82.4677200317383,,,4.14811611175537,9209
675,1956-03-01,,,,96.028564453125,118.631332397461,75.242546081543,,,3.46415901184082,10421
676,1956-04-01,,,,87.8168716430664,121.052474975586,58.0660018920898,,,3.16792821884155,10701
677,1956-05-01,,,,79.9220123291016,108.166259765625,49.1428642272949,,,2.88312697410584,10336
678,1956-06-01,,,,83.6229782104492,102.350761413574,67.2157669067383,,,3.01663661003113,9978
679,1956-07-01,,,,87.7446365356445,117.578804016113,55.6778030395508,,,3.16532254219055,9920
680,1956-08-01,,,,91.8788833618164,127.805679321289,54.8222312927246,,,3.31446218490601,9715
681,1956-09-01,,,,87.9346389770508,125.824829101563,45.7053184509277,,,3.17217659950256,10466
682,1956-10-01,,,,112.373718261719,167.492446899414,60.7207946777344,,,4.05379819869995,10558
683,1956-11-01,,,,167.706573486328,227.063354492188,115.003051757813,,,6.04989004135132,10463
684,1956-12-01,,,,103.383102416992,111.655227661133,89.5763244628906,,,3.72946858406067,10350
685,1957-01-01,,,,112.122215270996,141.626968383789,82.4707412719727,,,4.04472541809082,10285
686,1957-02-01,,,,125.362014770508,173.875823974609,74.6948776245117,,,4.52234125137329,9243
687,1957-03-01,,,,78.9453964233398,107.351524353027,46.5103263854981,,,2.84789633750916,10815
688,1957-04-01,,,,97.7164001464844,139.611190795898,52.9695243835449,,,3.52504634857178,10241
689,1957-05-01,,,,102.377212524414,156.262741088867,48.5674362182617,,,3.69318175315857,10560
690,1957-06-01,,,,99.8127517700195,136.271377563477,61.2966651916504,,,3.60067081451416,10137
691,1957-07-01,,,,95.0351409912109,130.282440185547,59.2270889282227,,,3.42832183837891,9159
692,1957-08-01,,,,82.279167175293,98.6244201660156,61.2108154296875,,,2.96815967559814,9265
693,1957-09-01,,,,80.468879699707,112.258743286133,42.520751953125,,,2.90285491943359,10438
694,1957-10-01,,,,110.600677490234,156.289123535156,63.5748901367188,,,3.98983716964722,10627
695,1957-11-01,,,,101.678939819336,136.780120849609,67.158088684082,,,3.66799211502075,10060
696,1957-12-01,,,,105.508079528809,159.828460693359,51.3235740661621,,,3.80612540245056,10089
697,1958-01-01,,,,102.101150512695,132.159851074219,71.5833892822266,,,3.6832230091095,10127
698,1958-02-01,,,,113.79354095459,146.49934387207,76.8055114746094,,,4.10501718521118,8989
699,1958-03-01,,,,108.72966003418,133.488494873047,84.5643539428711,,,3.9223415851593,10147
700,1958-04-01,,,,136.065933227539,172.040573120117,99.8496322631836,,,4.90847730636597,9779
701,1958-05-01,,,,113.262275695801,151.87890625,77.6837692260742,,,4.08585214614868,10157
702,1958-06-01,,,,97.3489303588867,112.059150695801,75.8609771728516,,,3.51179027557373,9881
703,1958-07-01,,,,155.716720581055,208.71630859375,101.663009643555,,,5.61736488342285,9168
704,1958-08-01,,,,123.119369506836,175.552291870117,69.2477111816406,,,4.44143962860107,9614
705,1958-09-01,,,,133.86491394043,191.491027832031,78.1965866088867,,,4.82907724380493,9712
706,1958-10-01,,,,103.405006408691,136.966690063477,65.4597778320313,,,3.73025870323181,10321
707,1958-11-01,,,,98.7123794555664,135.817855834961,60.620906829834,,,3.56097555160522,10250
708,1958-12-01,,,,96.5356063842773,133.913375854492,58.3765716552734,,,3.48245000839233,7265
709,1959-01-01,,,,74.920539855957,104.768013000488,46.0791740417481,,,2.70270276069641,9953
710,1959-02-01,,,,76.67919921875,106.031578063965,48.9124565124512,,,2.76614499092102,9074
711,1959-03-01,,,,99.1339645385742,141.098403930664,63.7891311645508,,,3.57618403434753,10514
712,1959-04-01,,,,86.495231628418,108.360977172852,62.9484634399414,,,3.12025117874146,9871
713,1959-05-01,,,,88.2080535888672,121.718612670898,53.4301948547363,,,3.18203997612,10245
714,1959-06-01,,,,94.7970809936523,127.029167175293,61.2270469665527,,,3.41973423957825,9182
715,1959-07-01,,,,83.8318328857422,118.438003540039,49.3423461914063,,,3.02417087554932,8895
716,1959-08-01,,,,91.0466156005859,102.267280578613,73.3848648071289,,,3.28443884849548,9408
717,1959-09-01,,,,82.3899383544922,93.6104125976563,67.3711090087891,,,2.97215557098389,9589
718,1959-10-01,,,,69.5973587036133,90.1484146118164,45.1140098571777,,,2.51067280769348,9838
719,1959-11-01,,,,70.3912124633789,96.5920257568359,40.9389915466309,,,2.53931045532227,10239
720,1959-12-01,,,,67.8108291625977,90.1128158569336,44.1980514526367,,,2.4462251663208,9484
721,1960-01-01,,,,64.6591339111328,87.5547256469727,38.9763793945313,,,2.33253002166748,10375
722,1960-02-01,,,,90.1789398193359,122.006462097168,53.6477088928223,,,3.25313806533813,9560
723,1960-03-01,,,,77.8836212158203,114.183235168457,41.0351753234863,,,2.80959367752075,10215
724,1960-04-01,,,,89.7614288330078,122.147880554199,51.9455718994141,,,3.23807668685913,10253
725,1960-05-01,,,,100.825866699219,152.561965942383,50.0561981201172,,,3.63721799850464,10640
726,1960-06-01,,,,85.5940246582031,125.43383026123,46.2340316772461,,,3.08774065971375,9813
727,1960-07-01,,,,76.750846862793,104.076789855957,47.7439842224121,,,2.76872968673706,11052
728,1960-08-01,,,,97.6755599975586,133.375457763672,58.7370223999023,,,3.52357316017151,10075
729,1960-09-01,,,,88.2975692749023,108.35432434082,63.6928596496582,,,3.18526911735535,11459
730,1960-10-01,,,,92.9276962280273,139.256820678711,46.1852531433106,,,3.35229754447937,11425
731,1960-11-01,,,,88.1583251953125,111.033020019531,65.3864212036133,,,3.18024587631226,10408
732,1960-12-01,,,,84.3003997802734,108.795562744141,56.4819946289063,,,3.04107427597046,10128
733,1961-01-01,,,,89.1747207641602,95.8415451049805,78.4138870239258,,,3.21691179275513,10880
734,1961-02-01,,,,78.2374420166016,103.514709472656,49.1235885620117,,,2.82235741615295,9035
735,1961-03-01,,,,92.8014450073242,123.744064331055,61.9717330932617,,,3.34774303436279,9947
736,1961-04-01,,,,132.054306030273,158.658981323242,107.132598876953,,,4.76376056671143,10265
737,1961-05-01,,,,110.82780456543,128.619659423828,91.7820205688477,,,3.99803042411804,10155
738,1961-06-01,,,,112.128265380859,150.984024047852,67.4990844726563,,,4.04494380950928,9790
739,1961-07-01,,,,141.779327392578,208.842361450195,79.1088790893555,,,5.11458349227905,9600
740,1961-08-01,,,,167.19514465332,259.238494873047,79.1059112548828,,,6.03144025802612,9351
741,1961-09-01,,,,186.136260986328,308.884399414063,70.5945739746094,,,6.71472692489624,9710
742,1961-10-01,,,,131.091995239258,216.108978271484,51.7238731384277,,,4.72904586791992,10869
743,1961-11-01,,,,130.804016113281,197.915756225586,65.7203826904297,,,4.71865749359131,10130
744,1961-12-01,,,,140.775115966797,197.791763305664,86.5769577026367,,,5.0783576965332,10082
745,1962-01-01,,,,105.96036529541,146.828140258789,66.4201507568359,,,3.8224413394928,10543
746,1962-02-01,,,,113.752456665039,150.437530517578,75.2380142211914,,,4.10353517532349,9504
747,1962-03-01,,,,130.290466308594,170.274993896484,86.2241058349609,,,4.7001314163208,10638
748,1962-04-01,,,,116.642921447754,153.756546020508,77.3598480224609,,,4.20780658721924,10837
749,1962-05-01,,,,112.342056274414,130.901092529297,98.3046646118164,,,4.05265617370606,10635
750,1962-06-01,,,,96.7890853881836,125.612678527832,63.7728385925293,,,3.4915943145752,10826
751,1962-07-01,,,,93.5508728027344,128.35578918457,55.4753036499023,,,3.37477803230286,10134
752,1962-08-01,,,,81.4739227294922,109.452438354492,52.9307327270508,,,2.93911123275757,9969
753,1962-09-01,,,,108.884521484375,155.92431640625,63.5314521789551,,,3.92792797088623,11100
754,1962-10-01,,,,228.136535644531,376.588348388672,81.7962188720703,,,8.22985553741455,11033
755,1962-11-01,,,,170.657943725586,272.571685791016,68.6767272949219,,,6.15635824203491,10412
756,1962-12-01,,,,138.233032226563,210.644882202148,64.0216598510742,,,4.98665380477905,8242
757,1963-01-01,,,,120.206726074219,177.064392089844,60.255054473877,,,4.33636808395386,8348
758,1963-02-01,,,,150.016464233398,236.110565185547,57.721607208252,,,5.41173219680786,7262
759,1963-03-01,,,,119.110618591309,180.517150878906,55.4096908569336,,,4.29682683944702,8099
760,1963-04-01,,,,114.840621948242,167.638366699219,62.5408592224121,,,4.14278984069824,10645
761,1963-05-01,,,,101.786186218262,145.375198364258,57.8561363220215,,,3.67186093330383,11166
762,1963-06-01,,,,90.5088348388672,128.228363037109,53.5176048278809,,,3.26503872871399,10689
763,1963-07-01,,,,146.546783447266,230.366241455078,59.3191184997559,,,5.28656625747681,9893
764,1963-08-01,,,,159.159973144531,254.507934570313,62.3017578125,,,5.74157762527466,9736
765,1963-09-01,,,,120.265716552734,188.060897827148,52.9126853942871,,,4.33849620819092,10718
766,1963-10-01,,,,114.013359069824,158.605880737305,65.8185043334961,,,4.1129469871521,11014
767,1963-11-01,,,,97.1348724365234,133.183090209961,58.3605041503906,,,3.50406813621521,10816
768,1963-12-01,,,,77.0087738037109,106.161201477051,44.1487655639648,,,2.77803421020508,10835
769,1964-01-01,,,,72.6211547851563,90.2294387817383,50.5898246765137,,,2.61975407600403,11795
770,1964-02-01,,,,79.194091796875,100.303581237793,56.4490280151367,,,2.85686802864075,10396
771,1964-03-01,,,,76.2863159179688,98.4558715820313,49.70361328125,,,2.75197196006775,11410
772,1964-04-01,,,,70.8199462890625,90.5930862426758,48.9952812194824,,,2.55477690696716,11273
773,1964-05-01,,,,72.8372955322266,79.5285186767578,62.0626258850098,,,2.62755107879639,11760
774,1964-06-01,,,,99.4938583374023,115.852035522461,76.2525863647461,,,3.58916687965393,10671
775,1964-07-01,,,,116.098579406738,163.768814086914,62.6466064453125,,,4.18816995620728,10076
776,1964-08-01,,,,126.026542663574,148.854843139648,103.010704040527,,,4.5463137626648,10580
777,1964-09-01,,,,92.8466186523438,121.710296630859,63.2775650024414,,,3.34937262535095,10599
778,1964-10-01,,,,99.3965759277344,145.521041870117,54.0299682617188,,,3.58565735816956,11044
779,1964-11-01,,,,84.1748733520508,109.77311706543,57.8665008544922,,,3.03654599189758,11164
780,1964-12-01,,,,96.6289901733398,117.04093170166,70.8361968994141,,,3.48581886291504,10930
781,1965-01-01,,,,66.4317474365234,86.6634979248047,43.4490089416504,,,2.39647579193115,11350
782,1965-02-01,,,,87.2783355712891,103.479995727539,71.6997985839844,,,3.14850091934204,9973
783,1965-03-01,,,,74.7591781616211,89.0889129638672,58.1856231689453,,,2.69688177108765,10679
784,1965-04-01,,,,83.2258224487305,98.3146591186523,67.423225402832,,,3.00230956077576,10825
785,1965-05-01,,,,107.052093505859,117.593681335449,97.4062194824219,,,3.86182451248169,11290
786,1965-06-01,,,,96.5710678100586,98.1863327026367,92.5449142456055,,,3.48372936248779,10018
787,1965-07-01,,,,106.206039428711,131.967895507813,76.6497955322266,,,3.83130383491516,10101
788,1965-08-01,,,,102.499946594238,119.144523620605,83.058219909668,,,3.69760918617249,10331
789,1965-09-01,,,,148.627029418945,168.937896728516,128.180480957031,,,5.36160945892334,9195
790,1965-10-01,,,,105.90697479248,111.768135070801,96.1662216186523,,,3.82051539421082,10051
791,1965-11-01,,,,96.2056884765625,131.098327636719,62.2791481018066,,,3.47054862976074,10373
792,1965-12-01,,,,122.673904418945,174.297622680664,71.4909210205078,,,4.42536973953247,10485
793,1966-01-01,,,,100.836296081543,120.041297912598,77.1779479980469,,,3.63759422302246,11821
794,1966-02-01,,,,110.297821044922,133.667327880859,83.883430480957,,,3.97891187667847,10053
795,1966-03-01,,,,84.8390197753906,112.829193115234,53.4988479614258,,,3.06050443649292,11338
796,1966-04-01,,,,83.1739959716797,105.939903259277,57.2769966125488,,,3.00043988227844,11365
797,1966-05-01,,,,88.2456665039063,114.220527648926,64.0184936523438,,,3.18339681625366,12094
798,1966-06-01,,,,84.8249816894531,105.840957641602,61.090503692627,,,3.05999803543091,10817
799,1966-07-01,,,,101.367874145508,130.386337280273,70.0796203613281,,,3.65677046775818,11048
800,1966-08-01,,,,90.5392761230469,102.103713989258,77.4274978637695,,,3.26613688468933,10318
801,1966-09-01,,,,82.4366607666016,111.990089416504,48.8846206665039,,,2.97384119033813,10895
802,1966-10-01,,,,87.2141265869141,110.714614868164,60.432487487793,,,3.14618468284607,11506
803,1966-11-01,,,,84.3503723144531,90.6060791015625,74.1765670776367,,,3.04287695884705,11568
804,1966-12-01,,,,89.4995269775391,112.871421813965,62.9970741271973,,,3.22862887382507,11429
805,1967-01-01,,,,78.8758087158203,92.2348175048828,64.7626800537109,,,2.8453860282898,11422
806,1967-02-01,,,,93.5308227539063,112.566101074219,70.763671875,,,3.37405467033386,10314
807,1967-03-01,,,,106.475494384766,116.131637573242,92.5169906616211,,,3.84102416038513,11247
808,1967-04-01,,,,86.2843551635742,96.3137588500977,78.4088897705078,,,3.11264395713806,11887
809,1967-05-01,,,,124.016532897949,168.47477722168,84.0258331298828,,,4.4738039970398,10975
810,1967-06-01,,,,183.651260375977,217.927261352539,164.05583190918,,,6.62508249282837,10581
811,1967-07-01,,,,141.924072265625,149.921310424805,134.318206787109,,,5.11980533599854,10684
812,1967-08-01,,,,123.572784423828,120.324859619141,127.599624633789,,,4.45779609680176,10319
813,1967-09-01,,,,98.4653930664063,105.00855255127,91.2721633911133,,,3.5520658493042,10698
814,1967-10-01,,,,104.781562805176,109.65576171875,97.557861328125,,,3.77991700172424,11323
815,1967-11-01,,,,99.8052825927734,118.07332611084,80.0109710693359,,,3.6004011631012,10971
816,1967-12-01,,,,109.899642944336,132.672546386719,87.4156112670898,,,3.96454787254334,10493
817,1968-01-01,,,,120.016700744629,152.684783935547,89.8473968505859,,,4.32951307296753,10209
818,1968-02-01,,,,140.843078613281,147.21125793457,136.494567871094,,,5.08080911636353,10333
819,1968-03-01,,,,110.755546569824,116.838226318359,105.026306152344,,,3.99542379379272,11363
820,1968-04-01,,,,106.335632324219,113.757270812988,96.9146118164063,,,3.83597874641418,10584
821,1968-05-01,,,,87.4346923828125,79.6082534790039,88.3677673339844,,,3.15414142608643,10938
822,1968-06-01,,,,77.7384872436523,78.4230041503906,72.8856582641602,,,2.80435800552368,10555
823,1968-07-01,,,,106.297248840332,120.88109588623,88.4177703857422,,,3.83459424972534,9649
824,1968-08-01,,,,126.038757324219,129.623764038086,116.576370239258,,,4.54675436019898,10491
825,1968-09-01,,,,115.419044494629,127.190940856934,97.5424728393555,,,4.16365623474121,11072
826,1968-10-01,,,,90.0500106811523,104.285934448242,73.7349395751953,,,3.24848699569702,11236
827,1968-11-01,,,,89.1147689819336,100.5888671875,75.3836669921875,,,3.21474885940552,10794
828,1968-12-01,,,,80.3686599731445,79.1948471069336,79.22216796875,,,2.8992395401001,10520
829,1969-01-01,,,,98.5400161743164,116.764587402344,79.6825180053711,,,3.55475759506226,11140
830,1969-02-01,,,,99.2993240356445,101.649078369141,91.2868347167969,,,3.58214926719666,9994
831,1969-03-01,,,,126.85001373291,126.26700592041,123.168128967285,,,4.57601976394653,11451
832,1969-04-01,,,,106.27946472168,117.409812927246,91.629638671875,,,3.83395266532898,11033
833,1969-05-01,,,,84.3174438476563,76.9372863769531,86.4704513549805,,,3.04168891906738,11178
834,1969-06-01,,,,85.4614868164063,84.8636322021484,81.5460510253906,,,3.08295965194702,10704
835,1969-07-01,,,,91.4015808105469,95.2269287109375,86.3976745605469,,,3.29724407196045,10160
836,1969-08-01,,,,95.1884460449219,89.4095687866211,102.179145812988,,,3.43385219573975,10280
837,1969-09-01,,,,87.5662536621094,79.0669326782227,91.1425399780273,,,3.15888738632202,10605
838,1969-10-01,,,,85.1443405151367,100.703163146973,69.2945556640625,,,3.07151865959168,11102
839,1969-11-01,,,,102.033172607422,110.477500915527,94.1507263183594,,,3.68077063560486,11628
840,1969-12-01,,,,87.3683166503906,89.8454513549805,83.424201965332,,,3.15174698829651,9931
841,1970-01-01,,,,93.3607940673828,100.675491333008,86.7299118041992,,,3.3679211139679,11372
842,1970-02-01,,,,93.0185470581055,99.7975006103516,85.3623275756836,,,3.3555748462677,10341
843,1970-03-01,,,,88.9744873046875,82.8468551635742,91.8802337646484,,,3.20968842506409,11808
844,1970-04-01,,,,88.448616027832,75.0321655273438,95.6610794067383,,,3.19071793556213,11032
845,1970-05-01,,,,123.73291015625,109.704254150391,137.410522460938,,,4.46357250213623,11269
846,1970-06-01,,,,93.9415969848633,74.8851165771484,111.878242492676,,,3.38887310028076,10623
847,1970-07-01,,,,108.713714599609,118.13256072998,96.4516372680664,,,3.92176628112793,9919
848,1970-08-01,,,,106.969764709473,109.03214263916,107.944076538086,,,3.85885453224182,10599
849,1970-09-01,,,,177.282913208008,173.438507080078,184.929840087891,,,6.39534902572632,10320
850,1970-10-01,,,,113.905982971191,114.222564697266,108.506088256836,,,4.10907363891602,10635
851,1970-11-01,,,,72.0277252197266,91.8057479858398,56.4517364501953,,,2.5983464717865,11007
852,1970-12-01,,,,73.4913177490234,78.3486251831055,65.6113204956055,,,2.65114450454712,10222
853,1971-01-01,,,,83.0718460083008,87.20703125,80.4810180664063,,,2.99675512313843,10478
854,1971-02-01,,,,99.541748046875,114.3134765625,95.920295715332,,,3.5908944606781,9357
855,1971-03-01,,,,88.1345291137695,89.8887100219727,84.3886642456055,,,3.17938756942749,10285
856,1971-04-01,,,,93.0986557006836,89.4698181152344,93.6750946044922,,,3.35846471786499,10213
857,1971-05-01,,,,73.1399993896484,66.7381896972656,78.9301910400391,,,2.6384711265564,10309
858,1971-06-01,,,,73.6328430175781,77.8259658813477,73.4582443237305,,,2.65625,9600
859,1971-07-01,,,,94.8172454833984,103.724822998047,87.6122665405273,,,3.42046141624451,9794
860,1971-08-01,,,,79.9136962890625,88.3064651489258,69.2993316650391,,,2.88282704353333,9678
861,1971-09-01,,,,78.3456039428711,86.3501663208008,64.0640182495117,,,2.82625937461853,10084
862,1971-10-01,,,,83.1978607177734,97.8912887573242,67.3596878051758,,,3.00130081176758,10762
863,1971-11-01,,,,91.9717254638672,113.674499511719,73.1969146728516,,,3.31781148910522,10308
864,1971-12-01,,,,110.203392028809,108.670921325684,116.479927062988,,,3.97550535202026,10288
865,1972-01-01,,,,87.9457244873047,87.1112976074219,90.0944976806641,,,3.17257642745972,10181
866,1972-02-01,,,,78.8551025390625,78.9704437255859,80.6751708984375,,,2.84463906288147,9597
867,1972-03-01,,,,69.4854278564453,64.4602203369141,76.107307434082,,,2.5066351890564,10173
868,1972-04-01,,,,106.544509887695,92.2277145385742,122.331604003906,,,3.84351396560669,10199
869,1972-05-01,,,,128.2822265625,146.665023803711,115.33854675293,,,4.62768602371216,10005
870,1972-06-01,,,,103.579742431641,107.152793884277,97.7954177856445,,,3.7365620136261,9581
871,1972-07-01,,,,79.5889511108398,79.3981475830078,74.8979034423828,,,2.87111210823059,9613
872,1972-08-01,,,,75.6435623168945,62.6043548583984,81.5072555541992,,,2.72878527641296,9015
873,1972-09-01,,,,106.858169555664,85.9652328491211,132.462905883789,,,3.85482883453369,9754
874,1972-10-01,,,,73.4010238647461,68.6388931274414,74.5507507324219,,,2.64788722991943,10650
875,1972-11-01,,,,72.0015563964844,71.3801574707031,70.7865447998047,,,2.59740257263184,10241
876,1972-12-01,,,,67.6372985839844,66.8703842163086,66.5835418701172,,,2.43996524810791,10369
877,1973-01-01,,,,64.1259765625,62.6597404479981,66.9205780029297,,,2.31329679489136,10980
878,1973-02-01,,,,48.9022674560547,45.5143775939941,50.2094497680664,,,1.76411294937134,9920
879,1973-03-01,,,,64.1389389038086,74.6193466186523,51.4579620361328,,,2.31376457214355,11021
880,1973-04-01,,,,70.7057647705078,73.0874328613281,68.8090667724609,,,2.55065774917603,11252
881,1973-05-01,,,,58.9799995422363,57.8989334106445,58.3890762329102,,,2.12765955924988,11233
882,1973-06-01,,,,54.0078163146973,58.564510345459,48.7226676940918,,,1.94829177856445,10830
883,1973-07-01,,,,69.1901168823242,71.1453475952148,63.4091796875,,,2.4959819316864,10577
884,1973-08-01,,,,70.105339050293,68.9892807006836,73.6109161376953,,,2.52899789810181,10518
885,1973-09-01,,,,64.2826995849609,68.9630508422852,57.6477775573731,,,2.31895065307617,10522
886,1973-10-01,,,,161.141372680664,156.226760864258,187.144149780273,,,5.81305503845215,10356
887,1973-11-01,,,,109.237159729004,146.040924072266,83.6243743896484,,,3.94064927101135,10379
888,1973-12-01,,,,85.2023162841797,114.172058105469,60.3399391174316,,,3.07361006736755,10216
889,1974-01-01,,,,80.4914398193359,103.872978210449,59.5026359558106,,,2.90366888046265,10194
890,1974-02-01,,,,71.6072540283203,92.7495574951172,51.974494934082,,,2.58317828178406,9678
891,1974-03-01,,,,76.0633850097656,103.337989807129,50.2983360290527,,,2.74392986297607,11079
892,1974-04-01,,,,68.7242126464844,74.090576171875,59.1736373901367,,,2.47917485237122,10084
893,1974-05-01,,,,65.3195190429688,62.3530883789063,64.3583984375,,,2.35635304450989,11034
894,1974-06-01,,,,69.4639205932617,84.3028182983398,56.8980712890625,,,2.50585913658142,11094
895,1974-07-01,,,,84.6204986572266,114.595100402832,55.9144401550293,,,3.05262136459351,10319
896,1974-08-01,,,,75.6867294311523,93.8620986938477,57.0936317443848,,,2.73034238815308,10365
897,1974-09-01,,,,53.9591865539551,65.0905303955078,44.6786613464356,,,1.94653749465942,11148
898,1974-10-01,,,,57.716178894043,82.0686645507813,31.658561706543,,,2.08206820487976,11527
899,1974-11-01,,,,68.7720031738281,87.4499435424805,48.7605285644531,,,2.4808988571167,11125
900,1974-12-01,,,,74.3853454589844,81.7158279418945,67.7460708618164,,,2.68339586257935,10919
901,1975-01-01,,,,73.1672973632813,83.8553619384766,63.5163459777832,,,2.63945579528809,11025
902,1975-02-01,,,,86.0548858642578,112.829566955566,68.5262832641602,,,3.10436582565308,10147
903,1975-03-01,,,,87.001091003418,81.5044860839844,91.2992324829102,,,3.13849949836731,11343
904,1975-04-01,,,,82.6414642333984,89.5179138183594,72.1478271484375,,,2.98122930526733,10868
905,1975-05-01,,,,69.5149230957031,91.7515182495117,46.4290809631348,,,2.50769901275635,11365
906,1975-06-01,,,,73.454719543457,104.652046203613,44.0267333984375,,,2.64982438087463,10529
907,1975-07-01,,,,87.4659729003906,130.419387817383,44.4574165344238,,,3.15526986122131,10427
908,1975-08-01,,,,92.5398635864258,119.289207458496,63.4597015380859,,,3.33830666542053,10724
909,1975-09-01,,,,69.6471328735352,91.5480041503906,50.5814819335938,,,2.5124683380127,10627
910,1975-10-01,,,,77.1913452148438,95.5612258911133,57.0416603088379,,,2.78462028503418,9337
911,1975-11-01,,,,71.1630020141602,98.5608825683594,44.9692306518555,,,2.56715226173401,10089
912,1975-12-01,,,,79.8571701049805,83.3338165283203,75.940185546875,,,2.88078784942627,9546
913,1976-01-01,,,,82.4615478515625,99.6055679321289,65.4129409790039,,,2.97473907470703,10253
914,1976-02-01,,,,53.8182830810547,61.6390266418457,43.6544303894043,,,1.94145452976227,9941
915,1976-03-01,,,,69.6010665893555,94.4202041625977,47.1693267822266,,,2.51080656051636,10873
916,1976-04-01,,,,62.1434478759766,76.1815490722656,47.5101547241211,,,2.24177861213684,10795
917,1976-05-01,,,,67.5401153564453,90.4475021362305,45.8137626647949,,,2.43645930290222,11410
918,1976-06-01,,,,68.0022125244141,79.7155075073242,57.9576797485352,,,2.45312929153442,10721
919,1976-07-01,,,,78.5722274780273,62.278923034668,94.9175491333008,,,2.83443450927734,10443
920,1976-08-01,,,,91.0842590332031,108.764358520508,73.1783828735352,,,3.28579688072205,10378
921,1976-09-01,,,,69.4016036987305,76.6013107299805,60.7825889587402,,,2.50361108779907,10385
922,1976-10-01,,,,67.3575439453125,85.4703903198242,50.6626968383789,,,2.42987322807312,11194
923,1976-11-01,,,,58.6098823547363,66.9413986206055,52.8473014831543,,,2.11430788040161,10358
924,1976-12-01,,,,62.1969871520996,80.2318801879883,44.4442749023438,,,2.24371004104614,10652
925,1977-01-01,,,,55.8568801879883,78.5852737426758,33.2769737243652,,,2.01499533653259,10670
926,1977-02-01,,,,64.8967742919922,84.9938201904297,40.5089836120606,,,2.34110283851624,9739
927,1977-03-01,,,,61.6894226074219,83.1066589355469,39.6667823791504,,,2.2253999710083,11189
928,1977-04-01,,,,78.9840240478516,94.5493316650391,62.8010330200195,,,2.849289894104,10915
929,1977-05-01,,,,74.1925354003906,94.3791656494141,55.0649185180664,,,2.67644047737122,11732
930,1977-06-01,,,,67.7671508789063,84.2947692871094,50.0425148010254,,,2.44464945793152,10840
931,1977-07-01,,,,77.61767578125,98.0005645751953,57.342586517334,,,2.79999995231628,10750
932,1977-08-01,,,,72.0781784057617,86.0442657470703,57.0401420593262,,,2.60016655921936,10807
933,1977-09-01,,,,63.8262138366699,82.0207901000977,47.1995506286621,,,2.30248308181763,11075
934,1977-10-01,,,,78.1130294799805,102.513481140137,60.5841178894043,,,2.81786942481995,11640
935,1977-11-01,,,,70.1220779418945,89.6802825927734,52.1988334655762,,,2.52960181236267,11148
936,1977-12-01,,,,56.5572662353516,68.2357940673828,42.9289436340332,,,2.04026126861572,11028
937,1978-01-01,,,,65.3714370727539,88.5275573730469,43.3798866271973,,,2.35822582244873,10686
938,1978-02-01,,,,80.8668518066406,103.813095092773,58.0405540466309,,,2.91721153259277,9941
939,1978-03-01,,,,101.272590637207,105.589500427246,94.2457275390625,,,3.65333342552185,11250
940,1978-04-01,,,,76.1794891357422,109.608116149902,43.1600112915039,,,2.74811840057373,11426
941,1978-05-01,,,,111.731758117676,120.577941894531,104.781211853027,,,4.03064012527466,10966
942,1978-06-01,,,,97.3058013916016,103.547882080078,93.1757278442383,,,3.51023435592651,10797
943,1978-07-01,,,,86.6430435180664,102.806625366211,75.9182052612305,,,3.12558317184448,10718
944,1978-08-01,,,,66.5971374511719,69.9167785644531,62.8378601074219,,,2.40244221687317,7534
945,1978-09-01,,,,71.8013305664063,67.4761581420898,75.2296829223633,,,2.59017968177795,6293
946,1978-10-01,,,,65.7305603027344,67.8108520507813,60.7156829833984,,,2.37118101119995,6579
947,1978-11-01,,,,75.7578125,95.5633850097656,57.1153831481934,,,2.73290657997131,9843
948,1978-12-01,,,,77.1933746337891,102.593955993652,55.0213928222656,,,2.78469347953796,10845
949,1979-01-01,,,,84.8891296386719,99.4893798828125,73.1188812255859,,,3.06231212615967,10319
950,1979-02-01,,,,95.470344543457,116.596237182617,83.145866394043,,,3.44402170181274,9727
951,1979-03-01,,,,91.0393371582031,111.36181640625,73.6172409057617,,,3.28417634963989,11053
952,1979-04-01,,,,94.2980728149414,110.29475402832,76.9065322875977,,,3.40173268318176,10965
953,1979-05-01,,,,77.9273910522461,100.086448669434,53.9371795654297,,,2.81117248535156,11063
954,1979-06-01,,,,99.5243148803711,126.828254699707,73.9240264892578,,,3.59026551246643,10807
955,1979-07-01,,,,81.14990234375,96.5213241577148,62.7271728515625,,,2.92742228507996,10692
956,1979-08-01,,,,70.0839233398438,77.282600402832,63.2909889221191,,,2.52822542190552,10363
957,1979-09-01,,,,74.7139511108398,103.752159118652,52.2010383605957,,,2.69525003433228,11242
958,1979-10-01,,,,82.6199951171875,121.219863891602,45.7949562072754,,,2.98045468330383,11307
959,1979-11-01,,,,88.6698455810547,116.077751159668,65.0576934814453,,,3.19869875907898,11067
960,1979-12-01,,,,95.8267364501953,138.398422241211,61.511474609375,,,3.45687818527222,11224
961,1980-01-01,,,,153.016876220703,239.992919921875,72.002326965332,,,5.51996994018555,10616
962,1980-02-01,,,,108.002334594727,155.406616210938,58.435188293457,,,3.89610385894775,10549
963,1980-03-01,,,,86.5362319946289,124.673728942871,51.6023292541504,,,3.12173008918762,11468
964,1980-04-01,,,,122.741424560547,181.85075378418,66.5551376342773,,,4.42780542373657,10818
965,1980-05-01,,,,86.8421325683594,121.63941192627,52.0805892944336,,,3.13276529312134,11268
966,1980-06-01,,,,86.2695846557617,114.373092651367,59.6324234008789,,,3.11211109161377,10668
967,1980-07-01,,,,69.791145324707,83.9765090942383,51.5278663635254,,,2.51766347885132,10049
968,1980-08-01,,,,73.168212890625,95.423713684082,54.6602058410645,,,2.63948893547058,10646
969,1980-09-01,,,,109.177360534668,147.70671081543,73.3848648071289,,,3.93849205970764,10080
970,1980-10-01,,,,127.996147155762,157.216705322266,114.759017944336,,,4.61736583709717,10872
971,1980-11-01,,,,97.9391632080078,124.794242858887,68.787956237793,,,3.53308248519897,10897
972,1980-12-01,,,,103.212104797363,135.876739501953,73.9284515380859,,,3.72329998016357,10206
973,1981-01-01,,,,111.138870239258,141.420928955078,83.6485595703125,,,4.00925207138062,10376
974,1981-02-01,,,,98.3558883666992,134.687026977539,68.0165939331055,,,3.54811549186707,9498
975,1981-03-01,,,,85.7364654541016,109.999252319336,63.0189666748047,,,3.09287905693054,10799
976,1981-04-01,,,,106.397338867188,138.065460205078,77.6531829833984,,,3.83820486068726,10161
977,1981-05-01,,,,105.453132629395,139.183959960938,80.3336181640625,,,3.80414319038391,10620
978,1981-06-01,,,,118.557884216309,181.105026245117,63.3215408325195,,,4.2768874168396,10358
979,1981-07-01,,,,86.8712844848633,104.53254699707,68.5753631591797,,,3.13381695747376,9924
980,1981-08-01,,,,93.5716400146484,116.925201416016,75.8330841064453,,,3.37552738189697,10665
981,1981-09-01,,,,89.8500442504883,118.036262512207,58.167423248291,,,3.24127340316772,10428
982,1981-10-01,,,,89.6005325317383,123.006645202637,56.8397102355957,,,3.23227262496948,11973
983,1981-11-01,,,,109.211814880371,176.856170654297,44.8353576660156,,,3.9397349357605,11549
984,1981-12-01,,,,125.285362243652,199.615768432617,53.5605964660645,,,4.51957607269287,11417
985,1982-01-01,,,,112.33251953125,176.230529785156,49.0512008666992,,,4.05231189727783,10858
986,1982-02-01,,,,107.061981201172,147.500610351563,68.6665649414063,,,3.86218118667603,9839
987,1982-03-01,,,,123.901107788086,167.214233398438,86.4114990234375,,,4.46964025497437,10672
988,1982-04-01,,,,172.813903808594,274.437438964844,83.0025253295898,,,6.23413276672363,10635
989,1982-05-01,,,,161.01025390625,242.190963745117,95.9124526977539,,,5.80832529067993,11363
990,1982-06-01,,,,168.861770629883,213.537002563477,134.341781616211,,,6.09156274795532,10572
991,1982-07-01,,,,131.466262817383,169.595443725586,101.664878845215,,,4.74254751205444,10332
992,1982-08-01,,,,105.818618774414,138.04167175293,77.3698043823242,,,3.81732797622681,10007
993,1982-09-01,,,,92.6875915527344,123.841682434082,60.9677886962891,,,3.34363579750061,10677
994,1982-10-01,,,,106.761940002441,135.745346069336,72.9466857910156,,,3.85135746002197,11087
995,1982-11-01,,,,104.805679321289,155.344909667969,52.88671875,,,3.78078699111938,11003
996,1982-12-01,,,,101.893814086914,143.952484130859,62.9340934753418,,,3.6757435798645,11127
997,1983-01-01,,,,91.1362228393555,123.331199645996,58.6877822875977,,,3.28767132759094,11680
998,1983-02-01,,,,86.4384155273438,110.112129211426,62.1349983215332,,,3.11820149421692,11032
999,1983-03-01,,,,84.6499252319336,116.990852355957,52.8671379089356,,,3.05368304252625,12313
1000,1983-04-01,,,,113.756820678711,161.446319580078,65.0987014770508,,,4.10369253158569,10454
1001,1983-05-01,,,,98.6867446899414,142.980285644531,60.4846496582031,,,3.56005096435547,12556
1002,1983-06-01,,,,99.615852355957,131.828536987305,70.0000991821289,,,3.59356760978699,11131
1003,1983-07-01,,,,89.6920547485352,116.717079162598,64.4217376708984,,,3.2355740070343,11559
1004,1983-08-01,,,,84.0773620605469,103.264572143555,66.1183700561523,,,3.03302812576294,12232
1005,1983-09-01,,,,126.134178161621,160.892913818359,91.4186553955078,,,4.55019664764404,12461
1006,1983-10-01,,,,125.77522277832,142.192123413086,114.973266601563,,,4.53724765777588,12739
1007,1983-11-01,,,,131.705612182617,166.620712280273,103.270889282227,,,4.75118207931519,13323
1008,1983-12-01,,,,114.889686584473,122.338272094727,111.863235473633,,,4.14455986022949,13005
1009,1984-01-01,,,,99.8224945068359,120.296142578125,84.0177993774414,,,3.60102224349976,12913
1010,1984-02-01,,,,87.4689865112305,89.5124664306641,86.8408966064453,,,3.15537858009338,12550
1011,1984-03-01,,,,84.1726760864258,96.8333358764648,77.3787536621094,,,3.03646659851074,13766
1012,1984-04-01,,,,90.0461044311523,97.0885772705078,89.0764465332031,,,3.24834609031677,13453
1013,1984-05-01,,,,94.1264038085938,123.846977233887,70.767463684082,,,3.39553999900818,14843
1014,1984-06-01,,,,94.0630722045898,119.095588684082,72.5012969970703,,,3.39325523376465,14352
1015,1984-07-01,,,,65.3286743164063,79.2674255371094,50.9794807434082,,,2.35668325424194,13833
1016,1984-08-01,,,,71.3734436035156,82.3986282348633,60.1448783874512,,,2.57474374771118,11807
1017,1984-09-01,,,,93.1370620727539,101.111953735352,84.4602355957031,,,3.35985016822815,10685
1018,1984-10-01,,,,93.2240829467773,109.509094238281,87.7484436035156,,,3.36298942565918,11240
1019,1984-11-01,,,,92.717887878418,111.741844177246,74.2703857421875,,,3.34472870826721,10823
1020,1984-12-01,,,,95.1914978027344,108.514778137207,81.8808898925781,,,3.43396234512329,10600
1021,1985-01-01,102.173377990723,107.574172973633,89.6474914550781,87.153205871582,101.083145141602,75.144287109375,3.06457185745239,11584,3.14398694038391,10369
1022,1985-02-01,117.102020263672,126.442726135254,96.6016693115234,99.5522689819336,127.21312713623,75.1035690307617,3.5123393535614,10819,3.59127402305603,9718
1023,1985-03-01,124.77815246582,127.070854187012,116.987274169922,103.822471618652,131.811447143555,78.7169494628906,3.74257588386536,12291,3.74531841278076,11214
1024,1985-04-01,87.9290008544922,94.6401977539063,73.7577972412109,74.3041534423828,91.2956390380859,56.713565826416,2.63732838630676,12816,2.68046712875366,11304
1025,1985-05-01,103.262847900391,111.159782409668,92.276725769043,84.3640975952148,101.910835266113,73.0349197387695,3.09724926948547,13851,3.04337215423584,12289
1026,1985-06-01,148.782821655273,134.656707763672,174.143753051758,133.503265380859,156.585052490234,130.37629699707,4.46256828308106,12997,4.81603097915649,11877
1027,1985-07-01,133.905426025391,126.301078796387,149.542358398438,114.455902099609,128.538803100586,115.167274475098,4.01633787155151,11752,4.12891149520874,10705
1028,1985-08-01,82.7841033935547,75.2638397216797,84.8795318603516,65.6230239868164,69.0890808105469,61.5634765625,2.48301315307617,11921,2.36730170249939,10814
1029,1985-09-01,102.434494018555,101.56950378418,92.4863128662109,84.2864151000977,103.195365905762,65.118782043457,3.07240390777588,12596,3.04056978225708,11511
1030,1985-10-01,105.991912841797,91.3422088623047,118.731292724609,93.570686340332,101.973731994629,90.3183441162109,3.1791045665741,13400,3.375492811203,12176
1031,1985-11-01,94.8481826782227,98.2583770751953,80.1221389770508,85.8834228515625,105.175689697266,63.0611000061035,2.84486126899719,12795,3.09818053245544,11652
1032,1985-12-01,96.4211654663086,80.3045654296875,111.210632324219,80.8830032348633,76.8251266479492,83.4144515991211,2.89204096794128,12690,2.9177942276001,11824
1033,1986-01-01,135.360748291016,137.668319702148,166.02262878418,106.454643249512,126.041511535645,116.897033691406,4.05998849868774,12069,3.84027194976807,11770
1034,1986-02-01,98.7500305175781,84.0211791992188,114.815605163574,81.3255004882813,83.8671646118164,81.0929107666016,2.96189260482788,11074,2.93375682830811,10703
1035,1986-03-01,98.6766738891602,85.1294631958008,117.561164855957,84.7303619384766,89.6140213012695,86.7864303588867,2.95969247817993,12231,3.05658459663391,11876
1036,1986-04-01,148.313858032227,142.493392944336,182.872787475586,136.757858276367,158.075393676758,147.175811767578,4.44850206375122,12049,4.93343782424927,11493
1037,1986-05-01,117.38924407959,126.684989929199,114.202209472656,91.7061920166016,120.516395568848,77.1910171508789,3.52095413208008,12241,3.30823254585266,11819
1038,1986-06-01,96.2942504882813,106.943344116211,80.0658187866211,76.1739807128906,97.846435546875,56.8554534912109,2.88823437690735,12222,2.74791955947876,11536
1039,1986-07-01,94.701789855957,99.8080520629883,83.9753189086914,78.5293121337891,99.9112167358398,59.9355621337891,2.84047031402588,11653,2.83288645744324,11190
1040,1986-08-01,103.34593963623,104.759269714355,99.8451995849609,83.7604293823242,102.969940185547,67.4189834594727,3.0997416973114,12001,3.02159523963928,11484
1041,1986-09-01,117.107887268066,106.359024047852,126.746078491211,96.5882873535156,105.957725524902,93.8026733398438,3.51251530647278,12185,3.48435068130493,11566
1042,1986-10-01,96.7924346923828,109.01692199707,77.4058227539063,90.3618087768555,122.561935424805,62.1629600524902,2.90317678451538,13158,3.25973510742188,12455
1043,1986-11-01,109.772819519043,124.651351928711,89.4716262817383,95.0069046020508,125.021278381348,66.4715881347656,3.29250836372376,12574,3.42730331420898,12167
1044,1986-12-01,89.753776550293,93.4637756347656,78.1025009155273,79.0999069213867,92.5776596069336,64.6541366577148,2.69206047058105,12444,2.85347032546997,11670
1045,1987-01-01,96.9428176879883,90.4955062866211,104.489151000977,83.1822128295898,90.5403823852539,79.4372177124023,2.9076874256134,15545,3.00073647499084,10864
1046,1987-02-01,100.683349609375,109.724029541016,89.2959823608398,83.0989303588867,107.596031188965,66.135383605957,3.0198802947998,14537,2.99773192405701,10141
1047,1987-03-01,89.6077194213867,105.551254272461,67.0935516357422,72.1878128051758,101.966621398926,46.7759666442871,2.68767952919006,16371,2.60412168502808,11597
1048,1987-04-01,113.394081115723,117.128143310547,99.1264572143555,96.9460906982422,110.660987854004,79.3609466552734,3.40112400054932,17259,3.49725794792175,11123
1049,1987-05-01,98.6509170532227,97.3714065551758,95.2351837158203,82.9538116455078,97.0713195800781,69.2693634033203,2.95891976356506,17405,2.99249696731567,11462
1050,1987-06-01,94.1824035644531,99.8292541503906,81.8294067382813,76.2452621459961,96.5484161376953,56.7471160888672,2.82489204406738,16921,2.75049114227295,10689
1051,1987-07-01,98.8719635009766,107.528945922852,88.2648162841797,82.4146728515625,106.534843444824,66.6845932006836,2.9655499458313,16894,2.97304797172546,10797
1052,1987-08-01,99.9684448242188,115.480316162109,87.6013336181641,85.9573516845703,115.61897277832,67.5039520263672,2.99843764305115,16642,3.10084748268127,10739
1053,1987-09-01,121.16707611084,143.45198059082,97.5398178100586,102.231643676758,143.191299438477,73.2837905883789,3.6342658996582,17335,3.68793034553528,11036
1054,1987-10-01,101.058586120605,110.701019287109,88.8269119262695,81.7320785522461,100.01969909668,68.3004837036133,3.03113508224487,18211,2.94842386245728,11769
1055,1987-11-01,96.1534881591797,110.799499511719,75.8837432861328,81.295539855957,109.657218933105,57.4303283691406,2.88401246070862,17545,2.93267607688904,11764
1056,1987-12-01,109.856384277344,124.497291564941,88.2687225341797,95.8616638183594,130.905166625977,66.6760406494141,3.29501485824585,17572,3.45813822746277,11538
1057,1988-01-01,83.201530456543,87.1409225463867,72.8955764770508,72.0015563964844,90.4193344116211,53.7290000915527,2.49553346633911,17351,2.59740257263184,11473
1058,1988-02-01,86.2061462402344,90.1892547607422,73.8230972290039,72.5431900024414,89.6900405883789,54.8589782714844,2.58565330505371,17133,2.61694169044495,10967
1059,1988-03-01,110.206512451172,105.942016601563,109.30101776123,94.2316589355469,107.802093505859,80.0466842651367,3.30551648139954,18454,3.39933705329895,11767
1060,1988-04-01,119.45051574707,113.936386108398,128.483383178711,98.63134765625,110.721611022949,90.1506881713867,3.5827796459198,17305,3.55805253982544,11214
1061,1988-05-01,104.873474121094,106.548835754395,97.1541748046875,88.935676574707,105.084579467773,72.9274749755859,3.14555811882019,18089,3.20828819274902,11969
1062,1988-06-01,79.708122253418,74.011833190918,81.0764389038086,64.0826416015625,77.189582824707,53.1147041320801,2.3907527923584,17735,2.31173372268677,11420
1063,1988-07-01,83.4304809570313,70.7920379638672,96.2741851806641,66.6984786987305,68.1195983886719,67.9327239990234,2.50240039825439,16664,2.40609788894653,10889
1064,1988-08-01,84.0541610717773,73.711067199707,93.2809219360352,67.8913497924805,69.2849960327148,68.1078491210938,2.52110695838928,17056,2.44912981987,10861
1065,1988-09-01,74.842658996582,72.9343795776367,74.3477783203125,63.6509704589844,75.4488372802734,54.2670249938965,2.24481868743897,17997,2.29616141319275,11541
1066,1988-10-01,73.4502334594727,71.8086700439453,65.8302459716797,60.807071685791,70.2030181884766,47.4814300537109,2.20305466651917,18202,2.19356989860535,11944
1067,1988-11-01,68.7984161376953,55.8590850830078,77.5583801269531,55.0740394592285,57.7236175537109,51.1947059631348,2.06352877616882,17252,1.98675501346588,11174
1068,1988-12-01,90.3987197875977,82.2797393798828,94.3841247558594,69.4519729614258,71.8227005004883,65.8956069946289,2.71140480041504,17703,2.50542831420898,11974
1069,1989-01-01,89.2465896606445,89.0952224731445,82.8150329589844,78.8309936523438,91.142448425293,64.4578704833984,2.6768479347229,23311,2.84376931190491,11323
1070,1989-02-01,91.6185531616211,88.4374694824219,91.7745666503906,85.9325180053711,99.1435012817383,77.1508407592773,2.74799227714539,21543,3.09995174407959,10355
1071,1989-03-01,87.733772277832,79.9011077880859,93.0866241455078,75.9468460083008,81.039924621582,69.2537612915039,2.63147282600403,24815,2.73972606658936,11607
1072,1989-04-01,83.5790939331055,77.8343887329102,84.5632858276367,74.1736907958984,81.7816848754883,65.9770736694336,2.50685787200928,23695,2.6757607460022,11436
1073,1989-05-01,103.828506469727,116.750534057617,80.2669830322266,90.9791793823242,121.547119140625,59.8804931640625,3.1142156124115,24051,3.28200626373291,11365
1074,1989-06-01,89.461555480957,97.6789474487305,68.4866333007813,78.6790924072266,106.402587890625,48.1422729492188,2.68329548835754,23814,2.83828973770142,11063
1075,1989-07-01,84.7531051635742,84.326042175293,78.8324966430664,74.371696472168,94.6038208007813,56.7697601318359,2.54207110404968,22462,2.6829035282135,10511
1076,1989-08-01,109.177291870117,115.957252502441,115.186241149902,96.0447769165039,118.785217285156,90.9727630615234,3.27464628219605,23117,3.46474385261536,10679
1077,1989-09-01,85.5458450317383,79.4195785522461,88.9437408447266,74.3280944824219,85.4963150024414,66.7867584228516,2.5658483505249,23501,2.68133068084717,11002
1078,1989-10-01,69.5246734619141,68.1561126708984,64.5354843139648,59.3456420898438,67.9765014648438,50.9532852172852,2.08531188964844,25272,2.14084982872009,12098
1079,1989-11-01,92.8287124633789,71.7497329711914,112.522567749023,86.7771148681641,85.2957611083984,88.0923767089844,2.78428959846497,24315,3.13041973114014,11532
1080,1989-12-01,112.553527832031,101.525016784668,128.654434204102,99.5774307250977,108.844619750977,101.164894104004,3.37591242790222,24112,3.59218168258667,11358
1081,1990-01-01,81.5440444946289,76.0114212036133,80.72607421875,70.6579818725586,79.0239486694336,60.4903221130371,2.44581913948059,24409,2.5489342212677,11495
1082,1990-02-01,77.4072113037109,81.1088104248047,65.3890380859375,70.4938659667969,88.4151458740234,51.7481918334961,2.32173943519592,22397,2.54301381111145,10578
1083,1990-03-01,67.5919418334961,68.1867218017578,59.7228584289551,61.8259658813477,75.666145324707,47.2570610046387,2.02734184265137,25748,2.23032569885254,11792
1084,1990-04-01,81.6438446044922,97.9765472412109,54.7926712036133,70.2852478027344,95.0143890380859,43.1464424133301,2.44881248474121,24420,2.53548789024353,11201
1085,1990-05-01,86.4071197509766,97.8165740966797,66.8437805175781,79.5073776245117,109.377006530762,52.3381271362305,2.59168124198914,25196,2.86816954612732,11401
1086,1990-06-01,79.6811065673828,72.8464202880859,80.6528778076172,69.3521194458008,75.5802459716797,62.1385917663574,2.38994240760803,24101,2.50182604789734,10952
1087,1990-07-01,85.7874298095703,82.369255065918,81.8471374511719,73.7124862670898,80.5874481201172,65.5668258666992,2.57309436798096,23668,2.65912294387817,10605
1088,1990-08-01,250.451080322266,353.763122558594,128.250198364258,191.888046264648,314.060241699219,89.0122528076172,7.51198959350586,24188,6.92221832275391,10748
1089,1990-09-01,188.660537719727,262.123626708984,106.954811096191,143.624938964844,239.730316162109,64.9743118286133,5.65865421295166,24087,5.18116283416748,11233
1090,1990-10-01,143.852569580078,172.946365356445,105.10758972168,115.000152587891,160.046081542969,75.8940353393555,4.31469106674194,25587,4.1485447883606,11956
1091,1990-11-01,158.743545532227,201.181060791016,115.403457641602,131.296585083008,185.280868530273,94.7276840209961,4.76132869720459,24804,4.73642683029175,11401
1092,1990-12-01,153.16242980957,194.648529052734,103.183258056641,128.081146240234,190.058517456055,76.8504638671875,4.59392929077148,23161,4.62043190002441,10973
1093,1991-01-01,379.249786376953,360.032806396484,479.715850830078,250.398345947266,285.021759033203,273.132446289063,11.3751573562622,24659,9.03293418884277,11447
1094,1991-02-01,339.358032226563,253.791625976563,490.273742675781,238.830093383789,223.385864257813,299.472045898438,10.1786508560181,22390,8.6156177520752,10539
1095,1991-03-01,148.618316650391,133.982482910156,171.395446777344,122.96369934082,129.185684204102,124.762924194336,4.45763397216797,24430,4.43582391738892,11858
1096,1991-04-01,97.760009765625,100.774963378906,88.5055465698242,84.3940963745117,103.301002502441,66.4319152832031,2.93219804763794,24896,3.04445433616638,11135
1097,1991-05-01,88.5690231323242,95.457389831543,79.0676879882813,77.8615036010742,98.8023223876953,58.0321578979492,2.65652513504028,26689,2.8087956905365,11642
1098,1991-06-01,87.7338333129883,99.7988510131836,69.4885864257813,72.0470428466797,100.40894317627,47.1739959716797,2.63147449493408,25195,2.59904336929321,11081
1099,1991-07-01,115.184677124023,144.651062011719,84.731201171875,95.5793151855469,142.521667480469,61.9147338867188,3.45483088493347,24198,3.44795274734497,10673
1100,1991-08-01,113.495025634766,133.414672851563,87.3452911376953,88.101203918457,126.352401733398,57.4989547729492,3.40415167808533,24617,3.17818522453308,10635
1101,1991-09-01,117.942192077637,154.143646240234,74.7966384887695,96.6939468383789,154.946228027344,50.8030700683594,3.53753924369812,25187,3.48816204071045,11066
1102,1991-10-01,100.831809997559,122.644432067871,77.9564819335938,88.1283798217773,130.150573730469,56.2687606811523,3.02433323860168,27411,3.17916560173035,11481
1103,1991-11-01,100.742332458496,120.330223083496,77.5820617675781,75.9607238769531,106.53833770752,51.3506355285645,3.02164936065674,25913,2.74022650718689,10948
1104,1991-12-01,103.969535827637,135.232513427734,58.7474327087402,91.3699951171875,141.050033569336,46.5696983337402,3.11844563484192,25269,3.29610466957092,11013
1105,1992-01-01,102.957633972168,126.156471252441,69.4566802978516,85.8090438842773,126.373741149902,47.4523468017578,3.08809471130371,26165,3.09549736976624,11016
1106,1992-02-01,87.2034683227539,101.095970153809,62.8605041503906,77.412971496582,105.27424621582,48.9865074157715,2.61556696891785,25310,2.79261541366577,10671
1107,1992-03-01,85.2973175048828,107.129570007324,53.6925201416016,70.1067810058594,102.412162780762,38.7640609741211,2.55839419364929,27400,2.52904987335205,11704
1108,1992-04-01,85.8556213378906,92.6411972045898,74.401252746582,80.6982498168945,101.562377929688,61.5262489318848,2.57513976097107,26484,2.91112923622131,11061
1109,1992-05-01,78.968147277832,93.0822906494141,56.4353904724121,74.2926559448242,105.576782226563,43.9117584228516,2.36855792999268,26894,2.68005228042603,11455
1110,1992-06-01,93.8490905761719,124.336135864258,49.7300148010254,85.2381820678711,134.035659790039,40.6832962036133,2.8148946762085,25969,3.07490396499634,10667
1111,1992-07-01,75.1967697143555,92.4288635253906,51.6429405212402,70.3966979980469,102.129028320313,44.1475601196289,2.25543999671936,26425,2.5395085811615,10947
1112,1992-08-01,81.6451950073242,87.5567932128906,70.1595230102539,71.2052536010742,90.1271743774414,53.220386505127,2.44885301589966,25808,2.56867647171021,11212
1113,1992-09-01,74.6097183227539,92.6892623901367,45.7387237548828,72.0608749389648,104.794654846191,38.3683586120606,2.23783206939697,26052,2.59954237937927,10925
1114,1992-10-01,68.1827774047852,71.3362579345703,58.9930610656738,60.0129165649414,75.2116470336914,43.8332939147949,2.04506325721741,27872,2.16492128372192,11363
1115,1992-11-01,91.0089950561523,109.622924804688,68.5569076538086,89.0521774291992,126.369178771973,57.52783203125,2.72970914840698,26120,3.21249103546143,11144
1116,1992-12-01,83.4209671020508,97.2940368652344,60.8854713439941,75.0058975219727,103.591690063477,51.5010795593262,2.50211524963379,24819,2.70578193664551,10533
1117,1993-01-01,128.918075561523,144.893539428711,114.827774047852,108.966178894043,142.942718505859,85.2231674194336,3.86674809455872,27827,3.93087387084961,11168
1118,1993-02-01,90.4680633544922,105.261001586914,64.6374053955078,78.2468414306641,103.890182495117,55.2082214355469,2.71348452568054,26571,2.82269644737244,10451
1119,1993-03-01,94.2414474487305,99.9146728515625,80.2880935668945,80.5172882080078,103.127258300781,58.6974601745606,2.82666301727295,29434,2.90460109710693,11258
1120,1993-04-01,112.721664428711,144.039016723633,72.7139129638672,96.7863388061523,145.804336547852,58.2769088745117,3.38095569610596,28838,3.49149513244629,11170
1121,1993-05-01,110.729751586914,137.386291503906,77.8838653564453,92.4991149902344,137.929946899414,52.6921043395996,3.3212103843689,29146,3.33683657646179,11418
1122,1993-06-01,104.195251464844,125.464050292969,73.3321151733398,86.1346740722656,124.54573059082,52.0990829467773,3.12521576881409,28958,3.10724425315857,11264
1123,1993-07-01,123.314788818359,131.758407592773,107.082153320313,109.430244445801,136.261306762695,84.4207305908203,3.69868397712708,28037,3.9476146697998,10690
1124,1993-08-01,97.2416763305664,97.0856246948242,94.7355728149414,73.8522491455078,91.2645950317383,58.7519493103027,2.91665124893188,26983,2.66416501998901,10660
1125,1993-09-01,89.1647796630859,97.4565963745117,76.9301834106445,81.248291015625,103.06396484375,59.4369125366211,2.67439413070679,28642,2.93097162246704,10952
1126,1993-10-01,106.165908813477,130.30680847168,65.2237701416016,92.532112121582,135.789321899414,48.1995010375977,3.18432331085205,31027,3.33802700042725,12073
1127,1993-11-01,83.4801788330078,105.130958557129,51.3559379577637,71.4906005859375,110.710289001465,32.0086288452148,2.50389122962952,29554,2.57897019386292,11555
1128,1993-12-01,79.5517959594727,97.0656814575195,50.1346740722656,67.7883605957031,99.5202255249023,34.8863296508789,2.38606381416321,28415,2.44541478157043,11450
1129,1994-01-01,83.4899749755859,93.0918350219727,65.2704238891602,70.5134506225586,94.4736938476563,45.7342834472656,2.50418496131897,29271,2.54372024536133,11322
1130,1994-02-01,117.242065429688,148.147232055664,76.4881057739258,114.300628662109,171.971725463867,64.7425308227539,3.51653981208801,27328,4.12331008911133,10283
1131,1994-03-01,93.4740371704102,98.5623474121094,79.4195327758789,85.8406143188477,111.441741943359,60.5572052001953,2.80364537239075,30175,3.0966362953186,11238
1132,1994-04-01,95.3569717407227,116.445861816406,68.7089385986328,84.9485549926758,128.167663574219,48.6899261474609,2.86012172698975,28775,3.06445598602295,10736
1133,1994-05-01,104.466789245605,122.976699829102,73.9062042236328,99.9552536010742,140.655899047852,62.1504135131836,3.1333601474762,29904,3.60581135749817,11426
1134,1994-06-01,120.352241516113,148.29606628418,79.9498519897461,107.442207336426,155.876892089844,62.1994438171387,3.60982584953308,29392,3.87589764595032,10862
1135,1994-07-01,99.6402359008789,115.403259277344,75.4708786010742,95.8888702392578,129.752426147461,64.3115310668945,2.98859333992004,28843,3.45911955833435,10812
1136,1994-08-01,98.2270278930664,122.922012329102,66.6401519775391,77.0831680297852,119.468116760254,40.8068695068359,2.94620585441589,28070,2.78071784973145,10393
1137,1994-09-01,98.8984832763672,131.317962646484,51.3368301391602,81.2935638427734,130.214782714844,31.4391956329346,2.96634531021118,29565,2.93260478973389,10980
1138,1994-10-01,94.853630065918,118.899337768555,64.5056915283203,82.3125839233398,127.867416381836,46.4197235107422,2.84502458572388,30650,2.96936511993408,11686
1139,1994-11-01,86.5298080444336,100.793083190918,70.6894607543945,75.4489593505859,105.955039978027,56.6322212219238,2.59536123275757,28628,2.72176504135132,11059
1140,1994-12-01,96.0475006103516,107.741737365723,81.616096496582,88.5725402832031,119.209411621094,63.4912490844727,2.88083338737488,28221,3.19518852233887,10641
1141,1995-01-01,80.1546783447266,84.8991394042969,70.4770584106445,67.5506973266602,85.0039749145508,48.0687637329102,2.40414667129517,27203,2.43684101104736,10054
1142,1995-02-01,76.8753280639648,72.5940704345703,77.14599609375,73.6552734375,79.8811264038086,63.8502807617188,2.30578637123108,25024,2.65705919265747,8882
1143,1995-03-01,82.2444458007813,79.1590423583984,79.8752899169922,71.8489990234375,85.8140411376953,57.8342399597168,2.46682667732239,28336,2.59189915657043,10147
1144,1995-04-01,99.1908798217773,93.9230346679688,99.1479415893555,95.9704742431641,99.0716705322266,88.4912338256836,2.97511529922485,27125,3.4620635509491,10254
1145,1995-05-01,87.842529296875,96.4091949462891,79.3496170043945,77.5190734863281,95.6033172607422,63.836124420166,2.6347348690033,27517,2.79644274711609,10120
1146,1995-06-01,104.607757568359,121.579048156738,85.1209487915039,91.7955474853516,127.747863769531,64.2424011230469,3.13758826255798,27059,3.31145596504211,10056
1147,1995-07-01,107.645416259766,115.324768066406,100.197448730469,93.1832962036133,115.282165527344,77.2924652099609,3.22869944572449,25645,3.36151790618897,9698
1148,1995-08-01,106.934783935547,118.497337341309,100.767456054688,97.2186050415039,123.761512756348,87.7896041870117,3.20738482475281,25566,3.50708889961243,9381
1149,1995-09-01,71.2051696777344,72.984016418457,68.8175506591797,55.5984497070313,66.970100402832,50.9531173706055,2.13571643829346,26408,2.00567269325256,9872
1150,1995-10-01,67.7415008544922,64.2778091430664,69.1264801025391,52.8359794616699,60.2873497009277,46.9972991943359,2.03182768821716,31105,1.90601861476898,13641
1151,1995-11-01,76.33349609375,78.8126220703125,69.8658828735352,60.7527275085449,74.0455169677734,50.436580657959,2.28953456878662,26774,2.19160938262939,9582
1152,1995-12-01,65.6720581054688,68.9820175170898,55.3638000488281,63.1364936828613,73.5628814697266,50.367301940918,1.9697573184967,25130,2.27760195732117,9791
1153,1996-01-01,75.6349258422852,73.6600799560547,79.6824645996094,65.8822937011719,68.9935760498047,68.2452697753906,2.26858186721802,26316,2.37665462493897,9972
1154,1996-02-01,80.4209213256836,85.9759750366211,69.1577911376953,69.6742401123047,94.5133743286133,47.4375305175781,2.41213226318359,25123,2.51344633102417,9668
1155,1996-03-01,82.1476135253906,77.8910064697266,84.0881958007813,67.6368942260742,78.0764999389648,57.5875701904297,2.46392250061035,27233,2.43995070457459,10533
1156,1996-04-01,84.8286209106445,71.2319717407227,98.6463623046875,64.8827590942383,69.4112167358398,65.1757049560547,2.54433608055115,25036,2.34059715270996,9912
1157,1996-05-01,65.5308227539063,59.1929931640625,68.7107391357422,54.0116348266602,56.7931747436523,51.1502990722656,1.96552097797394,27321,1.94842958450317,10316
1158,1996-06-01,69.0885848999023,72.5259323120117,61.6701736450195,53.9300346374512,62.0887145996094,44.972297668457,2.07223200798035,28713,1.94548583030701,9869
1159,1996-07-01,80.6443176269531,74.9069366455078,85.2721939086914,64.3693084716797,72.9422225952148,62.4612312316895,2.41883277893066,29353,2.32207489013672,9948
1160,1996-08-01,81.6876449584961,81.7337417602539,85.6938934326172,66.0558929443359,79.289192199707,62.0629730224609,2.45012617111206,28121,2.38291716575623,9694
1161,1996-09-01,88.1969757080078,87.0482864379883,92.8390045166016,77.142951965332,86.0224151611328,75.9073257446289,2.64536595344543,27104,2.782874584198,9810
1162,1996-10-01,55.5868301391602,56.8797569274902,49.5443572998047,42.8389549255371,50.4697761535645,34.7286109924316,1.6672625541687,30769,1.54538345336914,10224
1163,1996-11-01,57.344612121582,58.0576171875,51.0384216308594,49.1279716491699,52.5568351745606,43.1967620849609,1.71998512744904,29477,1.77225506305695,9818
1164,1996-12-01,74.9826354980469,80.1786270141602,66.1764831542969,61.4035797119141,72.4723281860352,51.7157135009766,2.24901723861694,26456,2.21508836746216,9345
1165,1997-01-01,54.0624351501465,53.2578277587891,55.2273254394531,43.2768859863281,51.0287780761719,40.575325012207,1.62154006958008,26518,1.56118142604828,9480
1166,1997-02-01,50.5599403381348,54.5013656616211,43.5091590881348,38.7060165405273,47.5514373779297,33.1147003173828,1.51648676395416,27234,1.39629077911377,9382
1167,1997-03-01,58.4800605773926,56.3662986755371,59.9073181152344,46.3582229614258,53.8287010192871,39.7969245910645,1.75404155254364,30558,1.67233836650848,10285
1168,1997-04-01,62.8444862365723,62.3760566711426,61.2804832458496,48.4068222045898,56.4250793457031,40.8175964355469,1.88494741916657,29656,1.74624001979828,9907
1169,1997-05-01,53.5760154724121,53.5442848205566,49.5728988647461,44.1548042297363,51.1609420776367,37.8385353088379,1.60695040225983,30617,1.59285163879395,10296
1170,1997-06-01,39.0456237792969,36.6856346130371,38.6394805908203,28.030553817749,30.3113098144531,25.8919773101807,1.17112815380096,29288,1.01118135452271,10285
1171,1997-07-01,47.6984252929688,47.428409576416,43.4337501525879,30.9820079803467,34.3281097412109,27.0662059783936,1.43065893650055,29427,1.11765289306641,10021
1172,1997-08-01,48.5822982788086,46.3086280822754,49.4250030517578,37.3386001586914,37.4834976196289,37.6879043579102,1.45716965198517,28823,1.34696221351624,10468
1173,1997-09-01,42.6890869140625,41.6393432617188,41.0879325866699,33.7864456176758,39.1040649414063,27.4902038574219,1.28040969371796,30459,1.21882081031799,10584
1174,1997-10-01,49.7463073730469,58.6894607543945,34.460205078125,37.5054626464844,55.121395111084,20.3990173339844,1.49208283424377,32840,1.3529816865921,11604
1175,1997-11-01,59.6933708190918,79.0363082885742,32.7655334472656,51.5569114685059,83.4692459106445,23.5976448059082,1.79043340682983,30272,1.85987722873688,11076
1176,1997-12-01,43.9982681274414,48.3623313903809,35.8391342163086,35.9746437072754,46.3406791687012,25.9574222564697,1.3196769952774,30462,1.29775846004486,11019
1177,1998-01-01,53.0963020324707,59.8212699890137,42.4878158569336,37.5228729248047,54.7922592163086,23.899133682251,1.59256196022034,32589,1.35360968112946,11968
1178,1998-02-01,77.5976181030273,101.840827941895,45.3680191040039,57.5065383911133,87.7807922363281,33.0853805541992,2.32745051383972,31107,2.07450556755066,11328
1179,1998-03-01,57.2480621337891,65.5019989013672,44.5167121887207,45.8665542602539,60.7154884338379,34.1291275024414,1.71708917617798,34244,1.65460181236267,12571
1180,1998-04-01,50.99658203125,58.7673835754395,38.0028495788574,35.7206268310547,50.3726463317871,22.2825679779053,1.52958333492279,32231,1.28859508037567,11951
1181,1998-05-01,94.4734878540039,129.798889160156,43.8027572631836,66.7311553955078,107.053863525391,24.3614959716797,2.8336226940155,35714,2.40727663040161,12753
1182,1998-06-01,76.3090744018555,94.9546813964844,48.7788543701172,59.4693183898926,87.8346633911133,34.3007965087891,2.28880214691162,35346,2.14531135559082,11933
1183,1998-07-01,54.0484161376953,64.2262802124023,38.2993240356445,46.3736267089844,65.7272872924805,31.4079208374023,1.62111949920654,33372,1.67289400100708,11776
1184,1998-08-01,97.0208587646484,83.9385528564453,123.838745117188,74.2348251342773,76.0703582763672,84.8378677368164,2.91002821922302,32199,2.67796611785889,11800
1185,1998-09-01,62.5134429931641,68.4769515991211,55.1296157836914,51.4682884216309,65.3989791870117,42.0793190002441,1.8750182390213,34293,1.85668015480042,12657
1186,1998-10-01,54.4036483764648,57.8959274291992,48.2780418395996,39.1479797363281,48.2676048278809,32.9294052124023,1.6317743062973,35299,1.41223418712616,13029
1187,1998-11-01,67.9659271240234,88.0713424682617,38.6022644042969,53.1175880432129,78.4516143798828,28.9518356323242,2.03855919837952,33455,1.91617739200592,12264
1188,1998-12-01,75.9598922729492,86.2803955078125,64.999755859375,54.3451614379883,72.6116256713867,43.0588989257813,2.27832889556885,31646,1.96046125888824,12140
1189,1999-01-01,63.9872245788574,69.4612121582031,53.7727203369141,48.8342170715332,67.2682266235352,33.0205535888672,1.9192225933075,32930,1.76165807247162,12545
1190,1999-02-01,58.3163833618164,67.2839965820313,44.1739501953125,39.0224876403809,52.0194816589356,31.2392482757568,1.74913227558136,29386,1.40770721435547,11366
1191,1999-03-01,83.3972778320313,89.7383575439453,75.1880798339844,73.2886199951172,92.0512771606445,61.8816604614258,2.50140452384949,33821,2.64383244514465,12671
1192,1999-04-01,106.198013305664,112.34139251709,103.233375549316,87.2042922973633,103.987762451172,80.1733474731445,3.18528628349304,32242,3.14582991600037,12302
1193,1999-05-01,85.4411315917969,89.3775634765625,80.6714172363281,71.0502624511719,86.583984375,64.9597473144531,2.5627076625824,33090,2.56308531761169,12602
1194,1999-06-01,79.4105453491211,75.9613494873047,83.7615203857422,62.736930847168,67.6800079345703,62.0947875976563,2.38182711601257,32664,2.263188123703,12151
1195,1999-07-01,62.1428718566895,66.837287902832,54.257926940918,45.099365234375,56.4477767944336,38.2053565979004,1.86390340328217,31654,1.62692606449127,11617
1196,1999-08-01,62.858642578125,65.2621078491211,57.9599914550781,42.6756210327148,52.6170234680176,33.4210548400879,1.88537204265594,30551,1.53949129581451,11952
1197,1999-09-01,69.5815124511719,75.5426635742188,62.2140274047852,55.731372833252,72.3398742675781,40.9692001342773,2.08701682090759,31672,2.01046776771545,12037
1198,1999-10-01,72.3534851074219,79.3841094970703,60.1619529724121,57.7733764648438,79.0748596191406,38.5418128967285,2.17015886306763,34744,2.08413147926331,13051
1199,1999-11-01,57.9638671875,60.3869819641113,52.4979667663574,44.1213226318359,55.2519187927246,34.7487640380859,1.73855900764465,33476,1.59164381027222,12063
1200,1999-12-01,86.0849380493164,95.5108261108398,86.4697341918945,70.1758346557617,93.5211944580078,62.2176780700684,2.58201789855957,31487,2.53154110908508,12127
1201,2000-01-01,64.4578094482422,65.573600769043,64.2504119873047,52.9664611816406,60.8445243835449,49.488826751709,1.93333733081818,33362,1.91072571277618,12456
1202,2000-02-01,63.5417213439941,57.6513595581055,68.0821685791016,54.4604415893555,58.0565528869629,52.4266700744629,1.90586018562317,32951,1.96461987495422,11758
1203,2000-03-01,50.1019859313965,55.0307350158691,40.81640625,39.3818969726563,52.4212074279785,27.2665710449219,1.50275099277496,36533,1.42067265510559,13022
1204,2000-04-01,48.6827392578125,53.3049049377441,40.9170265197754,39.6601486206055,53.6519508361816,27.0734100341797,1.4601823091507,33352,1.43071031570435,12022
1205,2000-05-01,79.4828796386719,77.2696990966797,83.2278137207031,60.2037887573242,68.1317520141602,56.9351806640625,2.3839967250824,35193,2.17180681228638,12386
1206,2000-06-01,64.7178192138672,73.5746688842773,53.1744003295898,50.0066833496094,68.1840896606445,36.1532249450684,1.94113600254059,34928,1.8039538860321,12140
1207,2000-07-01,51.9040222167969,57.3169746398926,41.0590782165527,39.5753021240234,51.1577415466309,28.2411556243897,1.55680096149445,33723,1.42764961719513,12398
1208,2000-08-01,46.4922561645508,49.1922912597656,41.5859222412109,32.6047973632813,41.725715637207,26.2949485778809,1.39448130130768,33776,1.17619383335114,12753
1209,2000-09-01,52.689998626709,64.4449920654297,35.1921424865723,44.666675567627,65.4648666381836,25.7410488128662,1.58037543296814,35751,1.61131703853607,13219
1210,2000-10-01,76.4565277099609,82.3876037597656,77.6101455688477,58.1826896667481,73.0438232421875,56.4898948669434,2.29322481155396,36368,2.09889721870422,14055
1211,2000-11-01,45.0605621337891,44.3576889038086,47.2068099975586,36.5154228210449,45.4590606689453,34.3257255554199,1.35153925418854,35959,1.31726670265198,13361
1212,2000-12-01,45.3950996398926,46.1689796447754,43.9833526611328,39.0643768310547,43.9410057067871,36.4753150939941,1.36157333850861,32389,1.40921831130981,12844
1213,2001-01-01,46.8995552062988,53.7023582458496,38.343318939209,38.0375137329102,52.4566421508789,27.8634166717529,1.40669775009155,34549,1.37217497825623,13628
1214,2001-02-01,55.0877113342285,63.6898918151856,45.4266738891602,33.4735946655273,45.4337692260742,23.8196563720703,1.65229201316834,31653,1.20753502845764,12422
1215,2001-03-01,61.7089538574219,66.7221832275391,56.8669891357422,41.9615516662598,49.5930213928223,36.6136131286621,1.85088849067688,36523,1.51373171806335,13873
1216,2001-04-01,50.5687370300293,52.7736701965332,47.1721992492676,38.0690307617188,48.3904533386231,30.0997180938721,1.51675057411194,33163,1.37331199645996,13107
1217,2001-05-01,60.3768615722656,61.3449935913086,56.8641891479492,46.6959495544434,57.5825309753418,39.3496856689453,1.81093394756317,35120,1.68452155590057,13535
1218,2001-06-01,72.064338684082,79.313102722168,64.2144775390625,52.2373085021973,66.2594146728516,43.7543411254883,2.16148614883423,33588,1.88442206382751,12736
1219,2001-07-01,61.072940826416,65.4927825927734,52.6187705993652,50.5754890441895,60.4458541870117,43.0475234985352,1.83181202411652,31881,1.8244731426239,12716
1220,2001-08-01,64.1077346801758,55.2320747375488,74.892204284668,48.3959503173828,47.3351516723633,52.9527435302734,1.92283713817596,32088,1.74584782123566,12945
1221,2001-09-01,498.647888183594,260.169616699219,841.177490234375,289.940124511719,148.792572021484,457.505126953125,14.9563646316528,33230,10.4593744277954,13366
1222,2001-10-01,512.529724121094,261.347412109375,854.074951171875,303.585327148438,169.745758056641,469.630218505859,15.3727350234985,36259,10.9516143798828,14281
1223,2001-11-01,306.785888671875,149.795227050781,509.746124267578,215.274429321289,128.496109008789,317.594177246094,9.20168685913086,34385,7.76586484909058,13804
1224,2001-12-01,236.099746704102,126.198013305664,381.972503662109,179.275985717773,104.610595703125,266.272827148438,7.08153820037842,31335,6.4672474861145,13205
1225,2002-01-01,172.477203369141,106.916236877441,262.287017822266,131.618515014648,98.3115005493164,179.292449951172,5.17325353622437,32842,4.74804019927979,13395
1226,2002-02-01,146.18571472168,95.7803115844727,212.905502319336,106.102386474609,81.2874984741211,137.241363525391,4.38467073440552,31861,3.82756471633911,12828
1227,2002-03-01,151.976364135742,99.1233444213867,219.968841552734,112.14501953125,84.0145568847656,149.977294921875,4.55835485458374,34530,4.04554796218872,14139
1228,2002-04-01,157.496551513672,100.744445800781,225.640350341797,114.565628051758,81.3832397460938,149.715316772461,4.72392654418945,32600,4.13286972045898,12945
1229,2002-05-01,163.322311401367,142.246826171875,209.408782958984,118.064300537109,116.047760009766,137.358551025391,4.89866352081299,33601,4.25908184051514,13571
1230,2002-06-01,149.330429077148,127.790748596191,189.123489379883,107.947250366211,105.683044433594,126.76700592041,4.47899293899536,32418,3.89411664009094,13071
1231,2002-07-01,122.778343200684,94.3496780395508,168.419738769531,90.2196273803711,77.216178894043,110.068359375,3.68259406089783,31581,3.25460600852966,12321
1232,2002-08-01,127.064514160156,101.695739746094,157.464447021484,88.4414901733398,70.1542892456055,106.082862854004,3.8111526966095,30988,3.19046092033386,12412
1233,2002-09-01,174.903335571289,174.531448364258,188.719192504883,111.664253234863,120.152969360352,119.485595703125,5.24602270126343,32558,4.02820491790772,13331
1234,2002-10-01,172.031921386719,167.025817871094,197.399063110352,119.170524597168,130.816513061523,129.595352172852,5.15989780426025,35679,4.298987865448,14422
1235,2002-11-01,159.127593994141,155.013748168945,179.062835693359,117.241096496582,119.980133056641,126.373481750488,4.7728476524353,33942,4.22938537597656,13619
1236,2002-12-01,175.811721801758,182.999557495117,175.198425292969,116.265594482422,128.879440307617,115.681259155273,5.273268699646,31233,4.19419479370117,13471
1237,2003-01-01,206.434600830078,245.81755065918,176.959854125977,136.643829345703,175.478164672852,118.890106201172,6.19176626205444,33593,4.92932462692261,13937
1238,2003-02-01,239.610931396484,296.759796142578,213.080322265625,140.880065917969,189.813781738281,133.262298583984,7.186851978302,31335,5.08214330673218,13026
1239,2003-03-01,358.711181640625,362.411071777344,429.144195556641,244.572158813477,261.775573730469,293.831909179688,10.7591257095337,36081,8.82275867462158,15256
1240,2003-04-01,255.775177001953,212.605453491211,331.603240966797,209.307327270508,192.005737304688,259.405212402344,7.6716799736023,34308,7.55060577392578,14277
1241,2003-05-01,162.121871948242,153.396286010742,186.84635925293,131.403350830078,135.024200439453,142.078750610352,4.86265754699707,35022,4.74027824401856,14092
1242,2003-06-01,145.769729614258,127.833534240723,176.918273925781,126.875129699707,120.655166625977,151.670959472656,4.37219381332398,33187,4.57692575454712,13721
1243,2003-07-01,134.898910522461,108.392799377441,167.448654174805,119.357864379883,107.320388793945,135.669723510742,4.04613637924194,32599,4.30574607849121,13122
1244,2003-08-01,138.230926513672,109.649055480957,180.000122070313,112.945587158203,97.6415863037109,135.645141601563,4.14607620239258,32175,4.07442808151245,13597
1245,2003-09-01,118.196281433105,99.7204666137695,143.557174682617,102.623001098633,92.0861892700195,119.750968933105,3.5451602935791,33990,3.70204830169678,13425
1246,2003-10-01,108.3173828125,93.0283279418945,129.943283081055,94.5968933105469,87.0363006591797,109.881362915039,3.24885416030884,37090,3.41251254081726,14945
1247,2003-11-01,118.086692810059,93.3315887451172,153.246337890625,95.3519287109375,73.8768692016602,124.084510803223,3.54187345504761,33231,3.4397497177124,13751
1248,2003-12-01,129.465072631836,107.444038391113,164.980529785156,109.332992553711,92.4710464477539,133.37287902832,3.88315486907959,31392,3.94410634040833,13311
1249,2004-01-01,113.467590332031,106.717292785645,126.085189819336,97.6766815185547,100.035522460938,107.741981506348,3.40332865715027,33526,3.52361345291138,13594
1250,2004-02-01,115.075973510742,104.114822387695,129.244277954102,98.9583282470703,95.147331237793,110.937911987305,3.45157027244568,32449,3.56984806060791,13558
1251,2004-03-01,138.532073974609,109.12393951416,183.702972412109,105.247718811035,79.9913864135742,138.188354492188,4.15510892868042,34969,3.79673314094543,13775
1252,2004-04-01,149.631393432617,121.146224975586,205.3251953125,121.128257751465,113.275283813477,155.891052246094,4.48801994323731,33556,4.36961174011231,13571
1253,2004-05-01,121.091186523438,91.9653930664063,159.948425292969,105.237655639648,80.0677185058594,133.369506835938,3.63198971748352,34086,3.79637002944946,13829
1254,2004-06-01,137.233917236328,106.793739318848,178.03662109375,125.61060333252,102.400970458984,150.844741821289,4.11617231369019,33502,4.53130912780762,13175
1255,2004-07-01,131.01985168457,121.267776489258,159.812194824219,121.087120056152,116.584495544434,144.474990844727,3.92978858947754,33157,4.36812782287598,13278
1256,2004-08-01,140.365829467773,127.445243835449,176.454315185547,120.906036376953,120.70027923584,147.65283203125,4.21011018753052,32897,4.36159515380859,13894
1257,2004-09-01,153.871612548828,130.206069946289,189.355224609375,133.367172241211,118.149742126465,159.009963989258,4.61520051956177,33433,4.81112146377564,13739
1258,2004-10-01,119.86279296875,100.507881164551,148.244476318359,105.098213195801,97.1280746459961,124.757759094238,3.59514546394348,34936,3.79133987426758,14665
1259,2004-11-01,122.707389831543,98.9266510009766,151.679260253906,107.289260864258,90.1481323242188,127.244232177734,3.68046593666077,33311,3.87038016319275,13177
1260,2004-12-01,109.895225524902,81.6047744750977,145.225341796875,86.8295593261719,68.1564865112305,110.175331115723,3.29617977142334,31491,3.13231182098389,13249
1261,2005-01-01,100.887588500977,78.1985626220703,128.534866333008,80.8364791870117,67.5136108398438,98.1655960083008,3.02600622177124,33146,2.91611576080322,13614
1262,2005-02-01,108.977966308594,104.770362854004,108.79598236084,90.2611923217773,92.5568923950195,87.2347030639648,3.26866769790649,31083,3.25610518455505,12776
1263,2005-03-01,90.4104843139648,87.2263336181641,87.8767395019531,72.8620223999023,73.8421630859375,70.5136566162109,2.71175765991211,34922,2.62844324111938,14267
1264,2005-04-01,87.0324020385742,72.5326309204102,102.853912353516,76.2219161987305,65.1567077636719,89.3050689697266,2.610435962677,33979,2.74964880943298,13529
1265,2005-05-01,98.2059631347656,89.9326934814453,104.909889221191,82.1899185180664,80.6526107788086,86.8039855957031,2.94557404518127,33440,2.96494007110596,13862
1266,2005-06-01,81.1240539550781,69.8824996948242,93.4175262451172,71.1310195922852,63.9932022094727,80.9572372436523,2.4332218170166,33207,2.56599855422974,13523
1267,2005-07-01,165.901916503906,118.183570861816,237.565017700195,122.324020385742,97.030876159668,160.095779418945,4.97603559494019,32757,4.41274785995483,13461
1268,2005-08-01,116.227661132813,92.6830749511719,143.291229248047,92.7262191772461,85.9166793823242,98.8215103149414,3.48611378669739,30894,3.34502935409546,12825
1269,2005-09-01,103.807662963867,78.4567031860352,130.272033691406,82.5535125732422,63.5690460205078,99.4303131103516,3.11359047889709,34237,2.97805643081665,14036
1270,2005-10-01,87.0618286132813,73.1876525878906,105.561882019043,76.845344543457,72.2440338134766,86.9953460693359,2.61131858825684,34810,2.77213859558105,14285
1271,2005-11-01,83.480094909668,70.6044616699219,96.0295867919922,67.8366012573242,63.1206779479981,74.3511657714844,2.50388860702515,32789,2.4471549987793,13199
1272,2005-12-01,95.3502502441406,69.6446075439453,130.678909301758,86.6675033569336,70.1602478027344,111.395393371582,2.85992026329041,31889,3.12646555900574,12794
1273,2006-01-01,94.5100173950195,89.3234710693359,100.191581726074,80.4649658203125,80.4487228393555,85.3658599853516,2.83471846580505,32490,2.90271377563477,13229
1274,2006-02-01,95.8581924438477,89.40576171875,102.798645019531,77.1498870849609,79.7546310424805,77.1282653808594,2.875155210495,31407,2.78312468528748,12468
1275,2006-03-01,92.7976226806641,88.0422286987305,97.0360260009766,81.5135040283203,86.60009765625,79.809814453125,2.7833571434021,34850,2.94053888320923,13841
1276,2006-04-01,89.0158004760742,85.9110107421875,92.8307113647461,71.6875839233398,73.7813339233398,72.1805191040039,2.66992568969727,31911,2.58607625961304,13186
1277,2006-05-01,85.2087783813477,84.0331268310547,82.2774276733398,77.7981491088867,85.8500595092773,71.6389846801758,2.55573844909668,33415,2.80651044845581,13148
1278,2006-06-01,102.572769165039,90.3845367431641,115.679473876953,83.3894195556641,80.4336624145508,90.825798034668,3.07655119895935,33089,3.00821113586426,13031
1279,2006-07-01,137.134826660156,134.396347045898,142.086059570313,106.795906066895,103.538764953613,116.191429138184,4.11320018768311,31484,3.85258293151855,12563
1280,2006-08-01,147.081115722656,141.556457519531,159.188171386719,106.37255859375,104.83292388916,114.557884216309,4.41152763366699,30987,3.83731079101563,12613
1281,2006-09-01,111.724258422852,110.280410766602,114.770668029785,99.5656051635742,107.897491455078,96.7176513671875,3.35103964805603,32945,3.59175515174866,13002
1282,2006-10-01,113.135299682617,125.291893005371,99.2739181518555,91.6651611328125,113.249618530273,75.0416412353516,3.39336204528809,33595,3.3067524433136,13669
1283,2006-11-01,88.778923034668,87.2757720947266,86.7105102539063,75.4869384765625,80.4409484863281,71.1396713256836,2.66282081604004,32935,2.72313499450684,12963
1284,2006-12-01,90.606559753418,95.781379699707,78.7696533203125,80.4272766113281,91.4898910522461,69.0595550537109,2.71763873100281,30762,2.90135407447815,12925
1285,2007-01-01,97.9200439453125,95.6134490966797,97.6537399291992,94.1446151733398,103.050521850586,86.4424133300781,2.93699812889099,32380,3.3961968421936,12779
1286,2007-02-01,96.1693572998047,98.1557388305664,90.9556732177734,88.5464401245117,103.374626159668,78.7615509033203,2.88448834419251,30300,3.19424700737,11959
1287,2007-03-01,87.3365020751953,86.1521224975586,83.9186019897461,74.7906723022461,81.0163726806641,70.2424011230469,2.61955714225769,34586,2.69801783561707,13269
1288,2007-04-01,76.6133804321289,69.2255172729492,83.4192810058594,73.93408203125,73.947509765625,74.5047073364258,2.29792952537537,31202,2.66711688041687,11848
1289,2007-05-01,92.5995864868164,82.3032302856445,103.892585754395,88.0791015625,92.7271423339844,88.4394836425781,2.77741718292236,30820,3.17738795280457,10260
1290,2007-06-01,97.9723129272461,87.0805969238281,109.309410095215,92.1575546264648,85.7919387817383,100.020851135254,2.93856596946716,31546,3.32451510429382,11340
1291,2007-07-01,112.346252441406,103.263404846191,127.13468170166,96.1720657348633,102.585632324219,102.067764282227,3.36969542503357,30893,3.46933579444885,11789
1292,2007-08-01,83.1732025146484,73.1257400512695,100.148254394531,70.5976333618164,69.3000411987305,78.1027526855469,2.49468374252319,31507,2.54675698280334,12565
1293,2007-09-01,94.4888687133789,94.9399795532227,92.2487258911133,88.0854339599609,98.9296798706055,83.4392395019531,2.83408403396606,31968,3.17761635780334,12116
1294,2007-10-01,101.473014831543,103.61026763916,97.4951629638672,94.4380111694336,107.946395874023,86.6083374023438,3.04356527328491,34959,3.40678095817566,12299
1295,2007-11-01,89.7954483032227,95.7384796142578,81.5684280395508,76.5248718261719,83.6670684814453,72.0974044799805,2.69331026077271,33379,2.760577917099,11628
1296,2007-12-01,94.9674911499023,98.5313720703125,84.1307678222656,80.957160949707,93.9053649902344,67.7245635986328,2.84843969345093,30859,2.92046928405762,11505
1297,2008-01-01,81.4998245239258,76.4023742675781,83.7476425170898,80.7180404663086,84.239128112793,76.4091262817383,2.44449281692505,32113,2.91184329986572,11230
1298,2008-02-01,80.75146484375,72.5285110473633,86.7527923583984,79.3384475708008,79.1163940429688,83.7891616821289,2.42204642295837,31461,2.8620753288269,11006
1299,2008-03-01,77.6361389160156,72.0296783447266,83.4843902587891,67.8318099975586,64.6092834472656,72.403205871582,2.32860589027405,32294,2.44698214530945,11647
1300,2008-04-01,71.9048080444336,69.4579696655273,69.9927444458008,68.298210144043,74.9150161743164,63.8549270629883,2.15670132637024,31576,2.46380710601807,11121
1301,2008-05-01,72.5737991333008,70.6777496337891,74.7897872924805,65.236572265625,68.0383682250977,62.8631782531738,2.17676687240601,32755,2.35336065292358,11218
1302,2008-06-01,87.5484237670898,88.8860626220703,80.3449020385742,70.5272064208984,73.7141342163086,64.3660125732422,2.62591338157654,30656,2.54421639442444,10573
1303,2008-07-01,89.7395706176758,84.3224868774414,88.1606826782227,79.4317245483398,81.1718215942383,78.7697296142578,2.6916344165802,30279,2.86544036865234,10330
1304,2008-08-01,88.5541076660156,75.7697143554688,105.065711975098,74.7656173706055,68.1362380981445,86.4546585083008,2.65607786178589,29969,2.69711399078369,11123
1305,2008-09-01,88.5425567626953,82.0142669677734,94.4610061645508,77.9458236694336,83.2493057250977,74.5606994628906,2.65573120117188,30726,2.81183743476868,10847
1306,2008-10-01,64.159797668457,53.1173896789551,75.2826614379883,52.1327743530273,47.140869140625,58.8565139770508,1.92439866065979,32010,1.88065099716187,11060
1307,2008-11-01,79.0809707641602,68.3036499023438,95.1435623168945,63.4148864746094,59.1460990905762,73.3055191040039,2.37194204330444,29596,2.28764486312866,10360
1308,2008-12-01,92.3664321899414,83.843132019043,109.214973449707,74.673095703125,77.111083984375,80.4181137084961,2.77042388916016,26819,2.69377636909485,9689
1309,2009-01-01,85.3694763183594,86.3131713867188,89.7125473022461,61.3349304199219,61.6266288757324,66.9563980102539,2.5605583190918,28939,2.21261191368103,9943
1310,2009-02-01,67.4526748657227,64.7729110717773,64.5863571166992,63.0489006042481,66.6302185058594,60.0684814453125,2.02316474914551,26592,2.27444219589233,9277
1311,2009-03-01,72.6446228027344,69.1771087646484,74.8329772949219,56.752571105957,57.6926460266113,55.8722686767578,2.1788911819458,28822,2.04730677604675,10062
1312,2009-04-01,85.6884994506836,84.4853668212891,83.9812850952148,69.484733581543,72.7661590576172,70.9337844848633,2.57012724876404,27664,2.50661015510559,9455
1313,2009-05-01,89.6808624267578,86.6370239257813,92.6431503295898,77.4302444458008,80.3318405151367,77.7688903808594,2.68987345695496,27808,2.79323840141296,9702
1314,2009-06-01,81.1095886230469,80.8008193969727,74.5913314819336,71.3568878173828,88.4308395385742,52.9849357604981,2.43278813362122,26595,2.57414650917053,8935
1315,2009-07-01,83.4396209716797,82.1067504882813,80.1208801269531,69.4314956665039,80.0650100708008,59.8544502258301,2.50267457962036,26172,2.50468945503235,9063
1316,2009-08-01,73.3718795776367,64.7091751098633,78.0438537597656,59.9464569091797,58.1181640625,60.4682769775391,2.20070433616638,24992,2.16252374649048,8971
1317,2009-09-01,92.8399887084961,97.492919921875,77.7846450805664,74.6005020141602,83.8054809570313,62.6702308654785,2.78462767601013,26359,2.691157579422,9364
1318,2009-10-01,90.5764007568359,88.2299118041992,90.4251480102539,81.0394668579102,90.1058044433594,74.1004791259766,2.7167341709137,28122,2.92343854904175,9783
1319,2009-11-01,82.1017608642578,74.3153839111328,85.0097885131836,66.1575241088867,68.1846618652344,64.1482467651367,2.46254706382751,26233,2.38658356666565,9302
1320,2009-12-01,92.9469146728516,89.3433456420898,95.8713684082031,84.3959808349609,89.7402648925781,81.2582778930664,2.78783488273621,24858,3.04452204704285,9164
1321,2010-01-01,91.5810241699219,84.9729919433594,100.410942077637,78.1244277954102,82.4678344726563,77.8087158203125,2.74686670303345,27049,2.8182806968689,9190
1322,2010-02-01,80.7253570556641,78.8462753295898,80.7117385864258,71.459846496582,82.1333312988281,63.2755012512207,2.4212634563446,27465,2.57786083221436,8573
1323,2010-03-01,74.116943359375,73.4969100952148,70.0393447875977,58.7095680236816,70.4152526855469,46.2997589111328,2.22305178642273,29464,2.1179039478302,9160
1324,2010-04-01,88.7615814208984,92.0569152832031,81.2684020996094,72.4843063354492,92.4969024658203,49.5956649780273,2.66230058670044,28096,2.61481738090515,8949
1325,2010-05-01,88.9587097167969,87.4941101074219,85.8573913574219,85.6720504760742,95.8374938964844,78.3363952636719,2.66821336746216,29308,3.09055542945862,9254
1326,2010-06-01,96.4536972045898,110.691719055176,70.9886245727539,95.8710174560547,126.579231262207,63.3965072631836,2.89301681518555,29070,3.4584755897522,8790
1327,2010-07-01,79.3813781738281,75.1853790283203,84.0482330322266,66.1782073974609,77.6177749633789,60.8751640319824,2.38095235824585,28434,2.38732957839966,8587
1328,2010-08-01,80.9938659667969,71.951530456543,85.9825744628906,74.3933029174805,79.4971160888672,68.2311172485352,2.42931699752808,26633,2.68368315696716,8384
1329,2010-09-01,71.1685485839844,68.9475402832031,69.2939529418945,63.3667716979981,70.9090881347656,56.6448020935059,2.13461804389954,28436,2.2859091758728,8793
1330,2010-10-01,65.9919357299805,62.0961799621582,76.1689147949219,57.8123893737793,68.852294921875,57.9496459960938,1.97935163974762,30414,2.08553886413574,9446
1331,2010-11-01,94.7051696777344,98.6891479492188,83.2665023803711,82.3155975341797,101.512046813965,68.5332183837891,2.840571641922,28621,2.96947383880615,8419
1332,2010-12-01,97.2038955688477,100.397682189941,91.7621078491211,79.6795043945313,100.455986022949,66.4994964599609,2.91551804542542,26479,2.87437891960144,8454
1333,2011-01-01,79.4216156005859,76.5935668945313,78.8069839477539,67.2546234130859,77.4881439208984,60.1115951538086,2.38215923309326,27622,2.42616033554077,8532
1334,2011-02-01,90.0144882202148,90.189338684082,85.4868316650391,70.897575378418,82.0719909667969,60.2392692565918,2.69988012313843,25853,2.55757737159729,7859
1335,2011-03-01,136.888305664063,126.965728759766,157.479843139648,101.096504211426,103.047088623047,113.560562133789,4.10580587387085,30055,3.64698100090027,9076
1336,2011-04-01,91.0177688598633,72.9231796264648,111.94474029541,76.1161727905273,73.7947235107422,79.8570556640625,2.72997236251831,27949,2.74583435058594,8522
1337,2011-05-01,105.344917297363,95.5066375732422,123.826103210449,90.7013473510742,90.9883728027344,105.330039978027,3.1596987247467,28009,3.27198362350464,8802
1338,2011-06-01,84.391845703125,71.3911285400391,98.2727584838867,77.3432540893555,77.8080596923828,80.0225677490234,2.53123545646668,27773,2.79010033607483,8566
1339,2011-07-01,78.9247589111328,59.0190467834473,102.111755371094,68.4137496948242,67.5905914306641,74.183479309082,2.36725664138794,27120,2.46797513961792,8509
1340,2011-08-01,86.9515686035156,63.5046768188477,112.499061584473,71.489616394043,64.1272735595703,80.8241653442383,2.60801148414612,26687,2.57893466949463,8298
1341,2011-09-01,83.3504486083984,70.606689453125,95.2674407958984,72.504035949707,77.5426712036133,68.2515335083008,2.5,28160,2.61552906036377,8526
1342,2011-10-01,76.3399353027344,64.1851043701172,92.3433151245117,66.2100677490234,62.9321060180664,75.0603179931641,2.28972792625427,28475,2.38847899436951,8541
1343,2011-11-01,83.1576766967773,95.5745315551758,70.1100387573242,70.8801956176758,91.2081069946289,59.6085662841797,2.49421811103821,28105,2.55695033073425,8604
1344,2011-12-01,85.3413238525391,88.8940811157227,77.4764785766602,75.7466049194336,92.1176223754883,58.5108833312988,2.5597140789032,26292,2.73250246047974,8344
1345,2012-01-01,79.6349716186523,93.6095962524414,62.0684318542481,68.2678680419922,88.8691711425781,55.3071899414063,2.38855862617493,26920,2.46271252632141,8649
1346,2012-02-01,92.4458236694336,104.207496643066,78.5998611450195,76.5500411987305,95.2321014404297,61.4625091552734,2.77280521392822,26255,2.76148581504822,8184
1347,2012-03-01,88.7599792480469,87.8564834594727,85.8569869995117,74.9962387084961,91.7158432006836,63.6639175415039,2.66225266456604,28998,2.70543336868286,8908
1348,2012-04-01,96.0166854858398,101.920783996582,86.3843688964844,78.8109130859375,97.2456283569336,64.3083114624023,2.8799090385437,26355,2.8430449962616,8512
1349,2012-05-01,78.1711578369141,80.6348876953125,69.7435455322266,70.2324905395508,86.7757797241211,56.9506683349609,2.34465312957764,27680,2.53358483314514,8486
1350,2012-06-01,77.8224334716797,70.2321624755859,82.1747360229492,61.874813079834,70.261848449707,53.5169219970703,2.33419370651245,26733,2.23208785057068,8109
1351,2012-07-01,82.8080215454102,79.3362655639648,91.0008010864258,67.4638671875,80.700309753418,64.4869842529297,2.48373055458069,25969,2.43370866775513,8259
1352,2012-08-01,74.8783569335938,70.9891586303711,78.1116180419922,68.635986328125,76.4929809570313,65.0453186035156,2.24588942527771,26760,2.47599220275879,8643
1353,2012-09-01,69.2805099487305,68.4028244018555,65.8712615966797,61.4419250488281,71.3606719970703,52.7102737426758,2.07798862457275,27286,2.21647167205811,8888
1354,2012-10-01,81.6636657714844,74.2060089111328,88.0308990478516,69.4249267578125,67.0083999633789,71.3591003417969,2.44940686225891,28660,2.50445246696472,8984
1355,2012-11-01,81.3896408081055,75.6584625244141,89.0484161376953,67.2800750732422,70.2006683349609,70.3114547729492,2.44118785858154,28183,2.42707872390747,9188
1356,2012-12-01,74.8315582275391,66.2405242919922,82.9786148071289,65.622200012207,64.2384796142578,69.1379547119141,2.24448585510254,25752,2.367271900177,8702
1357,2013-01-01,90.6574935913086,84.139892578125,108.949317932129,70.8666000366211,75.1752624511719,78.5822906494141,2.71916627883911,27251,2.55645990371704,8723
1358,2013-02-01,81.59033203125,77.6053161621094,85.6581726074219,72.4058151245117,78.0701446533203,71.6274948120117,2.4472074508667,25335,2.61198592185974,8193
1359,2013-03-01,75.8967208862305,81.8917541503906,69.3968124389648,55.701545715332,70.4383239746094,46.3149261474609,2.27643418312073,28202,2.00939178466797,9157
1360,2013-04-01,95.1078720092773,99.5219497680664,87.4727554321289,76.689697265625,93.3273086547852,65.075439453125,2.85265040397644,26712,2.76652383804321,8639
1361,2013-05-01,83.7173156738281,75.3292236328125,98.2275924682617,73.3460998535156,77.8396301269531,79.4704360961914,2.51100373268127,27718,2.6459059715271,9184
1362,2013-06-01,82.9730072021484,78.8218841552734,86.6342010498047,71.1839218139648,79.7482376098633,71.478630065918,2.48867917060852,26279,2.56790685653687,8762
1363,2013-07-01,73.9758148193359,71.5571899414063,72.6758728027344,58.9587364196777,63.2964515686035,56.2952384948731,2.21881866455078,25464,2.12689256668091,8322
1364,2013-08-01,90.9567489624023,80.7395782470703,106.97908782959,71.7505187988281,73.0562057495117,76.9357070922852,2.72814226150513,26135,2.58834648132324,8461
1365,2013-09-01,100.459327697754,100.384231567383,100.163482666016,85.7788314819336,96.771125793457,78.2419509887695,3.01316094398499,25986,3.09440755844116,8887
1366,2013-10-01,72.9531173706055,65.5016632080078,78.7300262451172,64.7018356323242,76.1066360473633,57.8246726989746,2.18814420700073,27649,2.33407068252563,9040
1367,2013-11-01,77.7790222167969,92.4988784790039,52.4383811950684,68.7341232299805,99.3280563354492,39.7977676391602,2.3328914642334,26405,2.47953224182129,8550
1368,2013-12-01,70.3724899291992,70.094612121582,66.7907257080078,70.1871109008789,82.1693496704102,57.1302871704102,2.11074113845825,24020,2.53194785118103,8373
1369,2014-01-01,77.9159698486328,70.4807662963867,83.1458969116211,71.9802169799805,77.751220703125,68.9960403442383,2.33699917793274,25460,2.59663271903992,8434
1370,2014-02-01,69.0035247802734,73.2786560058594,59.086555480957,63.7806968688965,75.133415222168,54.9024772644043,2.06968069076538,24110,2.30084109306335,8084
1371,2014-03-01,119.838554382324,151.674774169922,74.0618896484375,92.2150802612305,130.479507446289,60.4101409912109,3.5944185256958,26875,3.32659029960632,8898
1372,2014-04-01,93.2215423583984,113.139930725098,60.9062995910645,75.93310546875,105.723426818848,50.5821571350098,2.79607200622559,25357,2.73923015594482,8287
1373,2014-05-01,83.4288558959961,91.6987533569336,76.1504364013672,73.1231307983398,93.50537109375,62.7997512817383,2.50235176086426,26575,2.63786244392395,8795
1374,2014-06-01,98.7671051025391,95.3229675292969,107.182014465332,82.3318405151367,92.0514297485352,79.1396408081055,2.96240472793579,25216,2.97005987167358,8350
1375,2014-07-01,138.753952026367,162.715103149414,118.546836853027,104.568336486816,144.642837524414,85.3112258911133,4.1617636680603,25494,3.77222490310669,8324
1376,2014-08-01,136.445587158203,158.593490600586,112.114486694336,96.0631408691406,123.092308044434,81.2648620605469,4.09252691268921,24166,3.46540641784668,8253
1377,2014-09-01,131.556655883789,143.395385742188,120.781921386719,104.130493164063,129.890701293945,90.8535995483398,3.94588947296143,24912,3.75643014907837,8359
1378,2014-10-01,83.661003112793,86.3334503173828,77.1939315795898,68.8133010864258,80.5383148193359,59.0032997131348,2.50931477546692,26302,2.48238849639893,8943
1379,2014-11-01,84.3800506591797,88.4699401855469,76.337532043457,67.8210144042969,89.1668853759766,47.0840225219727,2.53088164329529,24853,2.4465925693512,8379
1380,2014-12-01,86.5262222290039,81.2732238769531,96.2373657226563,69.4857406616211,78.2540283203125,63.6801071166992,2.59525370597839,22965,2.50664639472961,7899
1381,2015-01-01,111.985694885254,83.50390625,153.33984375,94.4410629272461,91.5607299804688,110.733573913574,3.3588809967041,23877,3.4068911075592,7749
1382,2015-02-01,111.924697875977,118.225204467773,107.790534973145,98.143180847168,125.61296081543,82.1220321655273,3.35705161094666,21924,3.54044222831726,7146
1383,2015-03-01,104.23526763916,117.488731384277,83.6328506469727,95.0536117553711,135.944366455078,61.7632102966309,3.12641596794128,24277,3.4289882183075,8224
1384,2015-04-01,102.190490722656,110.18872833252,95.0864562988281,90.0971908569336,117.820037841797,77.0346908569336,3.0650851726532,23523,3.25018906593323,7938
1385,2015-05-01,76.2623291015625,77.6687316894531,72.8618850708008,67.8885879516602,74.8388214111328,61.9191627502441,2.28740000724793,23389,2.44903039932251,8044
1386,2015-06-01,85.9059677124023,81.0660858154297,88.7894287109375,78.0304794311523,92.7330551147461,69.0878143310547,2.5766499042511,23092,2.81489157676697,7709
1387,2015-07-01,106.808662414551,120.842971801758,86.168815612793,94.7588272094727,124.37621307373,66.1332092285156,3.2036018371582,23099,3.41835403442383,7606
1388,2015-08-01,82.4785308837891,85.3385925292969,74.0282974243164,83.1236724853516,107.204879760742,63.7630653381348,2.47384786605835,21222,2.99862456321716,7270
1389,2015-09-01,98.7674560546875,115.885185241699,79.3453521728516,95.892333984375,132.505737304688,70.5895233154297,2.96241521835327,22988,3.4592444896698,7545
1390,2015-10-01,91.931884765625,79.726318359375,108.514419555664,90.8705978393555,87.1166381835938,106.369590759277,2.75739026069641,24661,3.27808928489685,8206
1391,2015-11-01,150.715881347656,113.043983459473,213.993515014648,119.510467529297,102.442100524902,162.048583984375,4.52054786682129,21900,4.31125116348267,7608
1392,2015-12-01,148.236877441406,115.224365234375,204.631271362305,131.210586547852,119.510307312012,167.49885559082,4.4461932182312,20332,4.73332405090332,7331
1393,2016-01-01,118.211143493652,124.239143371582,109.529098510742,97.5021133422852,116.342666625977,90.7303695678711,3.54560613632202,21576,3.51731610298157,7392
1394,2016-02-01,103.749649047852,91.322021484375,117.582015991211,84.3151702880859,83.2859878540039,89.1483917236328,3.11185050010681,20438,3.04160690307617,6970
1395,2016-03-01,109.720291137695,98.0269317626953,127.768142700195,93.4527282714844,108.579231262207,87.0840225219727,3.29093289375305,22091,3.3712375164032,7475
1396,2016-04-01,85.2214508056641,80.8224411010742,93.1229858398438,85.3721160888672,93.7285690307617,85.3002243041992,2.55611848831177,21517,3.07973551750183,7111
1397,2016-05-01,88.3324203491211,84.4613647460938,93.6396560668945,77.3542785644531,84.6098175048828,73.3932647705078,2.64942860603333,21967,2.79049801826477,6988
1398,2016-06-01,90.1681289672852,80.5128631591797,100.857376098633,74.2213134765625,70.7240905761719,80.7323303222656,2.70448851585388,21187,2.67747855186462,6536
1399,2016-07-01,114.610450744629,97.0980453491211,145.148742675781,90.4310607910156,82.4276351928711,109.313056945801,3.43760752677918,20363,3.2622332572937,7173
1400,2016-08-01,98.7384872436523,82.4404678344727,121.45369720459,79.6497802734375,77.6206665039063,85.1644592285156,2.96154642105103,19348,2.87330651283264,6717
1401,2016-09-01,104.545227050781,95.4895935058594,121.150497436523,94.0345458984375,110.159645080566,92.7045211791992,3.13571286201477,19836,3.39222621917725,7075
1402,2016-10-01,85.7477874755859,79.6480865478516,100.307678222656,77.6897354125977,72.0455017089844,92.1394271850586,2.57190537452698,20374,2.80259943008423,7386
1403,2016-11-01,82.9187545776367,81.2256469726563,83.9750595092773,71.8623428344727,86.9920501708984,61.4490470886231,2.48705196380615,19501,2.59238052368164,6982
1404,2016-12-01,102.180465698242,93.9366226196289,113.979461669922,86.4172439575195,88.7549667358398,91.2583847045898,3.06478452682495,18631,3.11743783950806,7025
1405,2017-01-01,105.201232910156,108.277000427246,103.171173095703,86.7618789672852,105.406455993652,78.7753067016602,3.15538907051086,19744,3.12987017631531,7700
1406,2017-02-01,114.206359863281,125.664680480957,97.1516036987305,98.752326965332,129.24967956543,79.0556564331055,3.42548727989197,18158,3.56241655349731,6737
1407,2017-03-01,96.6358795166016,95.8384246826172,95.6745452880859,80.1341094970703,93.5093688964844,76.7618103027344,2.89848113059998,20804,2.89077830314636,7645
1408,2017-04-01,119.459922790527,127.446548461914,108.068840026855,93.1114196777344,114.958160400391,73.0186386108398,3.58306193351746,19034,3.35892510414124,7294
1409,2017-05-01,102.579963684082,102.354606628418,99.7048034667969,78.9104537963867,92.2437896728516,67.167839050293,3.07676696777344,19696,2.84663581848145,7342
1410,2017-06-01,126.789016723633,113.168464660645,146.671661376953,105.329345703125,120.519638061523,101.966331481934,3.802889585495,19380,3.79967784881592,7448
1411,2017-07-01,102.813461303711,125.59920501709,71.9550552368164,86.8911972045898,125.243446350098,47.8782768249512,3.08377051353455,18873,3.13453531265259,7210
1412,2017-08-01,138.531616210938,160.023101806641,108.43595123291,107.87451171875,144.28076171875,81.9459075927734,4.15509510040283,18724,3.89149260520935,7041
1413,2017-09-01,115.534446716309,142.144897460938,84.0962677001953,95.0246810913086,141.506362915039,62.8857841491699,3.4653217792511,20027,3.42794466018677,7293
1414,2017-10-01,91.4615707397461,109.230606079102,69.1569976806641,76.0986633300781,111.741050720215,55.2029418945313,2.74328374862671,24642,2.74520254135132,7504
1415,2017-11-01,92.5960159301758,103.943977355957,80.1158752441406,61.7596893310547,75.99658203125,59.16064453125,2.77731013298035,23764,2.22793483734131,7002
1416,2017-12-01,82.7182540893555,95.908447265625,62.6574783325195,64.8411560058594,89.8051071166992,48.0034866333008,2.48103809356689,21886,2.33909630775452,6883
1417,2018-01-01,92.4267883300781,107.644317626953,75.6662902832031,69.3432769775391,85.8579483032227,59.4510269165039,2.77223420143127,23050,2.5015070438385,6636
1418,2018-02-01,64.4913711547852,74.6831130981445,52.0022010803223,58.2115592956543,77.4452667236328,44.5978355407715,1.93434393405914,21506,2.09993863105774,6524
1419,2018-03-01,111.962295532227,146.92707824707,64.5575866699219,76.136474609375,105.129615783691,54.7256202697754,3.35817909240723,24954,2.74656677246094,7209
1420,2018-04-01,123.263473510742,146.395660400391,94.3058547973633,76.4016571044922,99.2790756225586,64.7565841674805,3.69714498519897,23153,2.75613284111023,6930
1421,2018-05-01,125.666618347168,172.216705322266,63.217903137207,83.7504196166992,132.518218994141,44.9784240722656,3.7692244052887,23798,3.02123403549194,7017
1422,2018-06-01,103.968589782715,137.024459838867,56.6404342651367,77.2205429077148,113.825988769531,49.0623054504395,3.11841726303101,24211,2.78567361831665,7036
1423,2018-07-01,110.028427124023,129.102340698242,84.4084701538086,68.615348815918,88.4360122680664,54.5706367492676,3.30017495155334,23423,2.47524762153626,6868
1424,2018-08-01,112.741683959961,145.114074707031,68.5755920410156,74.0052185058594,98.9070587158203,55.0419692993164,3.38155603408813,22327,2.66968321800232,6630
1425,2018-09-01,75.0539093017578,88.6236419677734,51.1639175415039,51.7537460327148,64.2871246337891,42.4382019042969,2.25115489959717,23810,1.86697781085968,6856
1426,2018-10-01,92.0164794921875,115.21215057373,61.1504745483398,60.4942512512207,85.8655700683594,40.0931930541992,2.75992751121521,24276,2.18228507041931,7011
1427,2018-11-01,80.407585144043,105.166854858398,47.4021682739258,52.7512855529785,76.5184555053711,33.6691970825195,2.41173219680786,23593,1.90296339988709,6884
1428,2018-12-01,90.607666015625,106.062698364258,66.2409286499023,63.8190536499023,87.2030715942383,40.3843498229981,2.7176718711853,21305,2.30222487449646,6472
1429,2019-01-01,87.4241027832031,112.980453491211,55.7335090637207,66.3917388916016,96.9476318359375,42.2863426208496,2.62218451499939,23530,2.39503264427185,6764
1430,2019-02-01,96.800163269043,127.857421875,57.5116996765137,75.3129272460938,110.843521118164,43.5841217041016,2.90340852737427,21182,2.71685767173767,6110
1431,2019-03-01,82.3282928466797,90.7895965576172,66.6412048339844,63.7117042541504,79.250244140625,50.612003326416,2.46934175491333,23974,2.29835224151611,6918
1432,2019-04-01,79.2534484863281,95.4553985595703,57.5155296325684,60.0584602355957,78.4615783691406,43.9497261047363,2.37711524963379,22338,2.16656422615051,6508
1433,2019-05-01,106.471900939941,134.972518920898,64.6634368896484,76.1168594360352,113.901573181152,44.15576171875,3.19350123405457,23266,2.74585890769959,6701
1434,2019-06-01,106.588455200195,142.65348815918,53.4206390380859,73.2574005126953,119.318878173828,34.2566108703613,3.19699716567993,23178,2.64270615577698,6622
1435,2019-07-01,93.5212554931641,126.930778503418,47.4188575744629,70.4390258789063,118.766471862793,29.576322555542,2.80506157875061,22602,2.54103541374207,6336
1436,2019-08-01,103.404418945313,124.72541809082,70.0974426269531,94.9568939208984,127.151268005371,65.9043350219727,3.10149550437927,22602,3.42549920082092,6510
1437,2019-09-01,90.3679885864258,110.870948791504,67.8102340698242,70.8293914794922,94.9596710205078,56.1620788574219,2.71048307418823,22579,2.5551176071167,6849
1438,2019-10-01,97.8367309570313,121.311042785645,69.9665832519531,72.865119934082,106.543281555176,55.958854675293,2.93449926376343,23786,2.62855505943298,6962
1439,2019-11-01,73.0783843994141,84.5873031616211,53.0325317382813,64.525749206543,86.4285202026367,43.0464591979981,2.19190144538879,22720,2.32771825790405,6530
1440,2019-12-01,74.2798919677734,80.1107711791992,63.3313522338867,50.6493339538574,64.9034576416016,41.5264587402344,2.22793912887573,20602,1.8271369934082,6294
1441,2020-01-01,138.420944213867,190.844360351563,81.6509399414063,104.523864746094,163.826553344727,70.5048065185547,4.15177583694458,22665,3.77062058448792,6365
1442,2020-02-01,75.9555587768555,87.1624526977539,56.6860504150391,62.8564376831055,91.8506851196289,36.4633255004883,2.27819895744324,22430,2.26749920845032,6086
1443,2020-03-01,81.5400314331055,97.0900726318359,62.9029884338379,80.5612945556641,111.693161010742,49.7527465820313,2.44569873809814,23388,2.90618872642517,6641
1444,2020-04-01,69.3394012451172,81.7608261108398,47.5912322998047,67.5395965576172,102.48999786377,35.8217620849609,2.07975482940674,21541,2.43644070625305,6608
1445,2020-05-01,68.5072174072266,83.3554611206055,42.2955589294434,75.3538513183594,112.692237854004,38.504768371582,2.05479454994202,22192,2.71833419799805,6916
1446,2020-06-01,71.2278594970703,85.8666076660156,49.7608871459961,64.8608627319336,101.927490234375,33.9372711181641,2.13639712333679,21672,2.3398072719574,6539
1447,2020-07-01,66.4732818603516,88.7379760742188,36.252082824707,61.8196792602539,95.2597503662109,30.5894889831543,1.99378907680511,22219,2.23009896278381,6771
1448,2020-08-01,65.4660491943359,90.0091171264648,28.4546279907227,55.4253654479981,89.046501159668,21.1288032531738,1.96357810497284,22459,1.99942874908447,7002
1449,2020-09-01,80.3773803710938,101.25764465332,49.5180816650391,59.5341720581055,87.3793334960938,30.1551036834717,2.41082620620728,22316,2.14765095710754,6705
1450,2020-10-01,76.0831680297852,97.6525802612305,42.6814422607422,54.3387870788574,81.8648071289063,27.8181495666504,2.28202629089355,23707,1.9602313041687,7091
1451,2020-11-01,70.0674667358398,79.0364456176758,62.3139457702637,50.4461975097656,69.7535400390625,38.9868049621582,2.10159230232239,21793,1.81980907917023,6704
1452,2020-12-01,64.0672912597656,86.8152770996094,31.7444286346436,56.5989036560059,88.9603042602539,25.1721992492676,1.92162418365479,21180,2.04176330566406,6465
1453,2021-01-01,77.418701171875,98.4756240844727,48.2874870300293,61.6366806030273,85.5872116088867,41.7380981445313,2.3220841884613,22609,2.22349739074707,6971
1454,2021-02-01,73.9568023681641,94.4835586547852,46.3267784118652,52.2945098876953,81.2941741943359,29.6737861633301,2.21824860572815,20692,1.88648557662964,6149
1455,2021-03-01,78.618766784668,100.852020263672,49.4180412292481,53.8863105773926,86.9384765625,27.8076229095459,2.35807871818543,22900,1.94390857219696,6739
1456,2021-04-01,88.1662216186523,109.586959838867,67.8737945556641,59.9755210876465,86.6009292602539,40.8622055053711,2.64444351196289,21479,2.16357231140137,6517
1457,2021-05-01,93.0071334838867,120.782836914063,52.6261138916016,70.3401489257813,99.7000885009766,45.3703308105469,2.78964114189148,22010,2.53746843338013,6739
1458,2021-06-01,74.1271209716797,92.5465469360352,46.3486404418945,59.444995880127,83.0578765869141,37.3242225646973,2.22335696220398,21544,2.14443397521973,6342
1459,2021-07-01,58.420768737793,64.0363159179688,50.7158317565918,46.8757247924805,55.3615837097168,42.4537925720215,1.75226318836212,22314,1.69100689888,6505
1460,2021-08-01,89.4865493774414,103.201591491699,76.4828567504883,59.063159942627,79.1560287475586,51.7637481689453,2.68404531478882,20715,2.13065958023071,6383
1461,2021-09-01,80.6969680786133,92.0473175048828,67.9402770996094,64.5666198730469,89.3056411743164,49.0083236694336,2.42041206359863,21360,2.32919263839722,6440
1462,2021-10-01,79.0292358398438,93.8080291748047,61.149112701416,53.4829025268555,72.5924377441406,38.0581855773926,2.37039017677307,22317,1.92935585975647,6738
1463,2021-11-01,86.5691452026367,121.500953674316,39.7426910400391,52.6767921447754,84.6805267333984,22.4266605377197,2.59654116630554,21105,1.90027606487274,6157
1464,2021-12-01,105.345420837402,155.310256958008,47.6549339294434,69.3570785522461,116.379981994629,39.5466156005859,3.15971374511719,20255,2.50200486183167,6235
1465,2022-01-01,138.674987792969,199.487518310547,63.2515296936035,85.0953826904297,137.356140136719,52.3105964660645,4.15939521789551,20628,3.06975245475769,6222
1466,2022-02-01,216.15901184082,320.605865478516,105.218307495117,120.524345397949,201.067611694336,67.1552734375,6.48343896865845,19866,4.34782600402832,6095
1467,2022-03-01,318.954925537109,403.713623046875,250.955856323242,167.34440612793,264.452178955078,123.547050476074,9.56668281555176,20770,6.03682470321655,6626
1468,2022-04-01,191.143096923828,221.910552978516,184.417816162109,127.236259460449,172.525466918945,115.550247192383,5.73311567306519,17146,4.58995342254639,6231
1469,2022-05-01,142.258483886719,166.424560546875,140.137344360352,99.6048278808594,137.268798828125,92.2589874267578,4.26687812805176,17671,3.59316992759705,6735
1470,2022-06-01,130.707321166992,160.726959228516,114.81468963623,100.102165222168,151.794860839844,84.4741287231445,3.92041444778442,16988,3.61111116409302,6480
1471,2022-07-01,117.176765441895,141.242935180664,97.8387298583984,97.2652587890625,131.344741821289,80.3371124267578,3.51458120346069,17214,3.5087718963623,6384
1472,2022-08-01,132.863220214844,159.383026123047,111.158576965332,119.832221984863,168.907501220703,97.5436859130859,3.98507809638977,16888,4.32285833358765,6269
1473,2022-09-01,131.985870361328,170.311798095703,108.628074645996,112.986885070801,179.780914306641,79.7872009277344,3.95876288414001,16975,4.07591772079468,6428
1474,2022-10-01,143.162414550781,185.284301757813,112.675025939941,129.138458251953,193.305358886719,102.520545959473,4.29399061203003,17606,4.65857362747192,6590
1475,2022-11-01,116.716285705566,143.04655456543,98.6826095581055,100.436958312988,149.168304443359,84.3959808349609,3.50076961517334,17539,3.62318849563599,6486
1476,2022-12-01,111.195938110352,119.138526916504,109.772216796875,95.6675796508789,131.098327636719,83.4592971801758,3.33519315719605,16131,3.45113658905029,6027
1477,2023-01-01,104.267044067383,113.021354675293,94.6299362182617,81.1764602661133,100.736862182617,74.2690200805664,3.12736916542053,15828,2.92838025093079,5976
1478,2023-02-01,120.99437713623,147.050155639648,103.028755187988,100.308052062988,143.717422485352,85.2677154541016,3.62908601760864,14990,3.61853837966919,5610
1479,2023-03-01,105.379974365234,125.085845947266,86.7540435791016,95.4134368896484,129.594207763672,77.8997268676758,3.16075015068054,16958,3.4419686794281,6014
1480,2023-04-01,106.80965423584,118.16682434082,93.2484130859375,89.5023880004883,123.821678161621,73.3502502441406,3.20363163948059,15420,3.22873210906982,5513
1481,2023-05-01,108.467681884766,122.471504211426,92.7594375610352,86.6424331665039,109.103378295898,71.7529144287109,3.25336241722107,16506,3.12556123733521,5567
1482,2023-06-01,110.528945922852,129.406524658203,95.2789077758789,100.802185058594,138.613983154297,90.577880859375,3.31518745422363,16349,3.63636374473572,5390
1483,2023-07-01,107.448783874512,123.809150695801,91.7680053710938,94.5372695922852,129.217102050781,79.0357360839844,3.22280168533325,16104,3.41036152839661,5366
1484,2023-08-01,101.141181945801,117.609436035156,83.6050491333008,74.219841003418,102.512969970703,56.0701751708984,3.03361248970032,16482,2.67742538452148,5453
1485,2023-09-01,98.6348114013672,125.651794433594,68.4659194946289,69.4558486938477,94.7713317871094,57.6618690490723,2.9584367275238,16529,2.50556802749634,5388
1486,2023-10-01,197.887008666992,205.040054321289,221.803939819336,138.627578735352,167.761215209961,144.297088623047,5.93539142608643,16747,5.00088691711426,5639
1487,2023-11-01,156.696136474609,143.494354248047,189.554397583008,138.682708740234,145.271118164063,166.367156982422,4.69991874694824,15979,5.00287532806397,5217
1488,2023-12-01,142.27946472168,136.17839050293,173.963806152344,125.210250854492,136.245300292969,148.498397827148,4.26750755310059,15536,4.51686668395996,5247
1489,2024-01-01,160.373657226563,140.836090087891,208.471145629883,119.984687805176,127.467567443848,137.393981933594,4.81022167205811,15966,4.32835817337036,6030
1490,2024-02-01,146.598175048828,140.244674682617,171.181182861328,109.949501037598,127.361656188965,122.778511047363,4.3970422744751,15283,3.9663462638855,5824
1491,2024-03-01,133.213165283203,121.539680480957,151.813995361328,96.9740524291992,103.333404541016,104.908203125,3.99557423591614,16268,3.49826669692993,6346
1492,2024-04-01,163.947341918945,170.697998046875,165.990692138672,112.007080078125,120.656669616699,119.719581604004,4.91741037368774,15801,4.04057216644287,6014
1493,2024-05-01,130.521865844727,131.447128295898,133.154296875,107.461906433105,128.568054199219,102.501533508301,3.91485190391541,16348,3.87660837173462,6062
1494,2024-06-01,113.092796325684,125.713027954102,109.738410949707,86.771110534668,100.233680725098,89.4987335205078,3.39208722114563,15772,3.13020324707031,6006
1495,2024-07-01,92.3948745727539,95.1602783203125,95.1102981567383,71.8440322875977,79.6032867431641,68.0545196533203,2.77127718925476,16238,2.59171986579895,5942
1496,2024-08-01,140.975067138672,124.804985046387,165.179473876953,105.302719116211,100.765258789063,122.45532989502,4.22838354110718,15798,3.79871726036072,6081
1497,2024-09-01,130.358779907227,134.037048339844,135.554611206055,95.699333190918,102.593955993652,100.675506591797,3.90996026992798,15371,3.45228219032288,6025
1498,2024-10-01,130.689208984375,128.409698486328,142.818389892578,90.8945541381836,103.315895080566,94.7898635864258,3.91987133026123,16174,3.27895331382751,6191
1499,2024-11-01,128.901641845703,139.148666381836,127.428871154785,94.9615707397461,123.341156005859,88.9134368896484,3.86625528335571,15881,3.42566800117493,6101
1500,2024-12-01,142.366439819336,128.262466430664,164.813735961914,116.521461486816,113.432594299316,124.544807434082,4.27011632919312,14379,4.20342493057251,5781
1501,2025-01-01,113.233154296875,117.086441040039,109.504936218262,100.891807556152,112.78963470459,99.389289855957,3.39629721641541,15988,3.63959693908691,8435
1502,2025-02-01,136.971374511719,138.758316040039,140.777679443359,94.4899826049805,107.733932495117,98.213737487793,4.10829734802246,14848,3.40865564346313,7833
1503,2025-03-01,173.914398193359,193.696136474609,158.234573364258,119.587890625,143.990753173828,120.670143127441,5.21636056900024,16870,4.31404399871826,8623
1504,2025-04-01,140.973693847656,159.257461547852,132.055725097656,111.290679931641,144.287567138672,106.607223510742,4.22834253311157,16484,4.01472854614258,8419
1505,2025-05-01,165.656997680664,203.553161621094,148.822845458984,128.909896850586,188.27067565918,107.884948730469,4.96868944168091,17087,4.65032863616943,8365
1506,2025-06-01,222.378387451172,288.160491943359,183.316162109375,156.369033813477,237.551742553711,122.945053100586,6.66998195648193,16087,5.64089632034302,7942
1507,2025-07-01,134.020767211914,156.110046386719,118.930625915527,106.198760986328,136.619781494141,101.124046325684,4.01979732513428,16568,3.83104133605957,8144
1508,2025-08-01,138.562118530273,160.415191650391,120.879791259766,119.712997436523,179.554580688477,92.0773544311523,4.15601015090942,15640,4.31855726242065,7873
1509,2025-09-01,125.869522094727,141.806106567383,114.78914642334,113.948402404785,161.89453125,91.9208526611328,3.77531027793884,15310,4.11060380935669,8101
1510,2025-10-01,154.512924194336,167.998138427734,151.548675537109,132.356567382813,165.63737487793,122.53572845459,4.63443613052368,15989,4.77466487884522,8210
1511,2025-11-01,104.338653564453,118.682411193848,88.686164855957,90.5221099853516,119.104621887207,77.9627380371094,3.12951683998108,15913,3.2655177116394,7717
1512,2025-12-01,131.393096923828,145.269409179688,122.225059509277,112.326065063477,142.105911254883,99.5858001708984,3.94098353385925,15250,4.05207920074463,7527
1513,2026-01-01,167.800201416016,219.482284545898,99.3938140869141,128.070434570313,198.120315551758,70.9652557373047,5.03297233581543,16074,4.62004566192627,7922
1514,2026-02-01,121.616882324219,158.187698364258,82.9917068481445,108.260467529297,159.07795715332,74.4797592163086,3.64775729179382,15160,3.90541577339172,6555
1515,2026-03-01,297.269805908203,293.392181396484,404.053680419922,251.37890625,282.044952392578,312.330261230469,8.91626262664795,15668,9.0683069229126,7642
